rubric_unit_id_hash,quote_coverage,criterion_count,compiled_token_length
exp41a_ru_0043adf0a0fe17b3cb08950e,0.8831168831168831,5,192
exp41a_ru_00a6c3e289ea643300990c0c,0.94,12,247
exp41a_ru_00d0e8b03df5ed711c4b2878,0.8351648351648352,10,167
exp41a_ru_00dc168d344f2bc68cb6497f,0.927536231884058,10,228
exp41a_ru_00e37026b4c8c8a955c6e2e4,0.9117647058823529,10,234
exp41a_ru_00fb3983bbe5a782e17fcaa4,0.94,12,247
exp41a_ru_011734f3cfcb53229fec7003,0.9166666666666666,10,228
exp41a_ru_014e3a98b9a0d8bb08e82659,0.9117647058823529,10,234
exp41a_ru_017e28dd3b2ad8ad8cc0b3f5,0.7,9,217
exp41a_ru_01b5db2758cad1dab292698a,0.9305555555555556,10,213
exp41a_ru_01cf10ce266a93e76ebc9b6c,0.8372093023255814,12,241
exp41a_ru_023eafdea27164ff4b17b410,0.925,10,188
exp41a_ru_0247405d4d337d0dc7ee0350,0.9038461538461539,5,251
exp41a_ru_02cfca15a0c1de7b005e12ac,0.8831168831168831,5,192
exp41a_ru_02eccc2a101e920b160362d8,0.8488372093023255,12,227
exp41a_ru_0345552fbf9f26c24e2a85c6,0.8791208791208791,12,179
exp41a_ru_03d1bea2c198a49df10d71df,0.9056603773584906,9,250
exp41a_ru_04002f5a2893b534051885e7,0.8985507246376812,12,243
exp41a_ru_04128b4f937417170f3e3066,0.8181818181818182,12,229
exp41a_ru_041ceb83cbf9c4a4950213ba,0.927536231884058,5,191
exp41a_ru_043029989cb8508245cf9daa,0.90625,8,236
exp41a_ru_04344489d4991527b5f4d7be,0.8679245283018868,12,180
exp41a_ru_045db404c99a4c68a5a638b6,0.9056603773584906,9,250
exp41a_ru_04606ef832c4dbfec30bf787,0.925531914893617,11,247
exp41a_ru_048139cefe12ad457751fb0b,0.8333333333333334,12,250
exp41a_ru_04d21a1f90fc5b2fdeb40346,0.7790697674418605,12,219
exp41a_ru_04e5823cd66bead334bcf8f8,0.6060606060606061,10,231
exp41a_ru_04f8ca79673375cb0d077b74,0.9375,11,183
exp41a_ru_05218283d7f35a85d2143281,0.8679245283018868,8,247
exp41a_ru_0527d3add1db1ad1e58818bf,0.825,10,180
exp41a_ru_0554542a5e0b04dac1827af5,0.6060606060606061,9,255
exp41a_ru_05c8b928d0be743625b50231,0.9180327868852459,11,256
exp41a_ru_06bc07fc182ce96a49cb16f4,0.8823529411764706,9,248
exp41a_ru_071b75cd170f289be9e4134a,0.9032258064516129,10,229
exp41a_ru_074a8b289af3998527947a40,0.9305555555555556,10,208
exp41a_ru_0765a96ed19e819365a56033,0.9166666666666666,10,228
exp41a_ru_07733f93e2784db04ccc2736,0.8831168831168831,5,199
exp41a_ru_07a42642b54ccd3f3c753b97,0.9230769230769231,12,248
exp41a_ru_07a65eaccd9433826d159675,0.935064935064935,5,193
exp41a_ru_086017357e294757e05d061b,0.94,12,247
exp41a_ru_09275380d29b1487c37d47bc,0.90625,8,236
exp41a_ru_097d58a98340317986d6f439,0.927536231884058,10,229
exp41a_ru_098b33c04f3658178416e748,0.6515151515151515,11,245
exp41a_ru_09b2cec5a583799507e10f38,0.9166666666666666,10,226
exp41a_ru_09b8531fdfca0fffa1bc50f3,0.7575757575757576,12,226
exp41a_ru_0a1c554474e86796581a19e6,0.8548387096774194,10,234
exp41a_ru_0a6b0b4704186f0d7ffbd1cd,0.9166666666666666,10,225
exp41a_ru_0abd5aa0012c4cc5b9232805,0.8679245283018868,8,247
exp41a_ru_0aea14b03c8d5c200ab74c96,0.8734177215189873,11,168
exp41a_ru_0b0fe01b92a318bfc44f3f93,0.9361702127659575,11,246
exp41a_ru_0b2774bf70df1c5044aeffb2,0.9180327868852459,11,232
exp41a_ru_0b2f02761667346676c4120f,0.9038461538461539,5,235
exp41a_ru_0b4c85a8f46dbb5a6910f298,0.9230769230769231,12,248
exp41a_ru_0b7964ac821c190ff1c80959,0.9120879120879121,12,169
exp41a_ru_0c36a50bac91ffba6aab07f9,0.8490566037735849,7,231
exp41a_ru_0d4e28f591815ea0354abd1b,0.9230769230769231,10,172
exp41a_ru_0d6a412c147406d3e0422fa4,0.8604651162790697,12,227
exp41a_ru_0f045ecd9230b82c33975191,0.825,12,199
exp41a_ru_0f08a59b7480605b518b3622,0.9056603773584906,7,236
exp41a_ru_0f10bac29ff326024a1acd89,0.9038461538461539,5,240
exp41a_ru_0f269c4423ee89960746e08a,0.9230769230769231,12,249
exp41a_ru_0f2a949432794e563443ec5a,0.9166666666666666,10,225
exp41a_ru_0f632bd60516a504b5b48fa9,0.7659574468085106,12,205
exp41a_ru_0f6f68448f75ff444bddadbf,0.8985507246376812,12,252
exp41a_ru_1018a2cd9984cdd65a396f7c,0.7,8,198
exp41a_ru_10641e81d1ba19a4cafa7ffd,0.9038461538461539,5,236
exp41a_ru_1064faa7a3bc7c5e0f3605fb,0.6515151515151515,10,225
exp41a_ru_1072eb6f3749de9013e7574e,0.9180327868852459,11,232
exp41a_ru_10bb97c839450be2b8fca471,0.9038461538461539,5,250
exp41a_ru_10de9e32afa8abbf20b12fff,0.8051948051948052,5,243
exp41a_ru_10ea69185f1050ce148242b5,0.9305555555555556,9,217
exp41a_ru_10f936200217731c7d6859bd,0.7362637362637363,10,249
exp41a_ru_11182374a633faf855ef1a67,0.7362637362637363,10,249
exp41a_ru_116061f158aec78996c05d0d,0.9166666666666666,10,230
exp41a_ru_11adc5762a309afc3d934e64,0.9444444444444444,10,209
exp41a_ru_11f5b77687f5455fbdc7ee13,0.9120879120879121,12,251
exp41a_ru_12106e751356343217289c46,0.7575757575757576,8,231
exp41a_ru_1282b16aaea8b28c6a21d817,0.9180327868852459,11,232
exp41a_ru_129b89c74e0d7503b9fbdf48,0.9484536082474226,8,253
exp41a_ru_13153cc1608acc40e6fb7cf5,0.8372093023255814,12,224
exp41a_ru_136577c6489f5caab853e068,0.6666666666666666,9,229
exp41a_ru_13c36230c1d030884503d965,0.9038461538461539,5,245
exp41a_ru_13ec4371b5ee44691bc98dbf,0.9038461538461539,5,245
exp41a_ru_146812c2572cae264f68809c,0.8301886792452831,11,177
exp41a_ru_149203cf240f75e393700234,0.8860759493670886,12,193
exp41a_ru_14d9435b56039386bfa0e55a,0.6060606060606061,10,225
exp41a_ru_14de0b8ef598d62a8447b53b,0.8333333333333334,12,186
exp41a_ru_14fbc4d999fe79b21c059dd8,0.9444444444444444,10,204
exp41a_ru_153365eb209a2bbd99b4dc3b,0.7,9,231
exp41a_ru_153c652a44de62c12d3ab44a,0.9361702127659575,10,236
exp41a_ru_155071947517807fcd16fc38,0.9038461538461539,5,240
exp41a_ru_15d3cfa568544ca2a57abe96,0.9444444444444444,10,216
exp41a_ru_15dc5a54da833badb017a3f2,0.9038461538461539,5,241
exp41a_ru_15ea80cab89386f3d5e40820,0.9038461538461539,5,249
exp41a_ru_15f2dfa5ea6e7162e019a79b,0.660377358490566,7,206
exp41a_ru_15f74e6ab259beb269152b0d,0.8985507246376812,12,252
exp41a_ru_16088c3ad6c786351d37f75e,0.8829787234042553,12,209
exp41a_ru_160a66b3a96bf685e072a290,0.9484536082474226,8,251
exp41a_ru_165222c493492471a9326c0c,0.8823529411764706,9,252
exp41a_ru_166820c705dd54badcf81add,0.9038461538461539,5,246
exp41a_ru_166f56bdab66dec673bba302,0.9444444444444444,10,209
exp41a_ru_1681e77a816be596f96b1301,0.6060606060606061,10,223
exp41a_ru_1686f1201faa87a8c097e0d2,0.9038461538461539,5,247
exp41a_ru_16947757c1d6f69aac3b0625,0.8333333333333334,12,250
exp41a_ru_1699a7450270f5bb054dbff7,0.9361702127659575,11,246
exp41a_ru_16b2efde1fbe1abf2f2965ac,0.9361702127659575,11,184
exp41a_ru_16e46315a98d85816ec39fe3,0.94,12,189
exp41a_ru_172f984a968833532dca9fb2,0.6060606060606061,10,223
exp41a_ru_1751ba3fe9d2bf8538883e16,0.8333333333333334,12,186
exp41a_ru_1753a0165ec98589a846a0ef,0.9484536082474226,8,251
exp41a_ru_175a2e2f8ab6fbcab1c92291,0.8488372093023255,12,217
exp41a_ru_17b0704fc0d2edc9fc2d3b3d,0.6515151515151515,11,245
exp41a_ru_185c8523acc2827a833f751b,0.7362637362637363,10,249
exp41a_ru_18aad2060f637f8d61925e82,0.6060606060606061,10,223
exp41a_ru_18f2ec9c743536da6fdbda7e,0.8,7,250
exp41a_ru_19202f7a6b7c6e0b70bf6568,0.7802197802197802,7,224
exp41a_ru_19888ae84ef9732c81b2b35b,0.9056603773584906,9,242
exp41a_ru_19df5c491acbb65375a893e8,0.8985507246376812,12,252
exp41a_ru_1a2b6ef6db398f077823a90e,0.8333333333333334,12,253
exp41a_ru_1a4daa9439f8b899118efb84,0.8985507246376812,12,254
exp41a_ru_1a7a79496c3aa74d263ba403,0.90625,8,236
exp41a_ru_1aa117b4f684224681e8d54c,0.9113924050632911,11,176
exp41a_ru_1af69f9e7e39ea9dfd7c3eb1,0.825,12,191
exp41a_ru_1b2120d08decf7a3ef641f62,0.9038461538461539,5,239
exp41a_ru_1b4fbbd1b8b7cffc5e25ba4d,0.9180327868852459,11,232
exp41a_ru_1c4f6933557707f9a6211562,0.6455696202531646,9,177
exp41a_ru_1ceb780fc30dd4c8bcd25c1d,0.9117647058823529,10,240
exp41a_ru_1d4aab1e8df115b36628051c,0.94,12,192
exp41a_ru_1d5718a4db3b88d966b0c3d1,0.8333333333333334,12,250
exp41a_ru_1da42b5c09e9e4d8d149fe86,0.90625,8,235
exp41a_ru_1dd1019436f730f92c84c904,0.6060606060606061,10,223
exp41a_ru_1e272150d4eb0ba6bb336022,0.6515151515151515,11,245
exp41a_ru_1e9d884d0e787b9c8eebc4c1,0.825,12,199
exp41a_ru_1f09e0a924f1f5fc85dc1994,0.9206349206349206,12,249
exp41a_ru_1fa700b8cc32331e8306f1cd,0.8225806451612904,9,234
exp41a_ru_1fc9ad1483439eb7f275f75a,0.7802197802197802,7,242
exp41a_ru_1fe60f1aeae9ecbd75e6fe5e,0.95,10,254
exp41a_ru_2006be69f2bb321c59bc7768,0.9038461538461539,5,249
exp41a_ru_20d7e520d93704ed8706159a,0.8333333333333334,12,201
exp41a_ru_21072ef043814bfbd27996a2,0.7,6,243
exp41a_ru_2129e66b3d2d2e76b84be73b,0.935064935064935,5,195
exp41a_ru_21a8248227d782d71e807a0a,0.9361702127659575,11,246
exp41a_ru_224895f38db969c68abc012a,0.6976744186046512,11,245
exp41a_ru_229710c4d0e1fd21e538b38c,0.660377358490566,7,203
exp41a_ru_230fd001ac6eda519543f83a,0.9180327868852459,11,235
exp41a_ru_23364303799fdae77f59a85b,0.9361702127659575,11,247
exp41a_ru_23558e053f9ee6fb9f684dc8,0.9230769230769231,12,248
exp41a_ru_23745999799aaac3452b92c6,0.7790697674418605,12,190
exp41a_ru_23b5ea00ccd147904244e578,0.9305555555555556,9,218
exp41a_ru_23c6bf90be519f3096c528f1,0.6060606060606061,10,253
exp41a_ru_23f33f90820332b0ddba9516,0.9120879120879121,12,252
exp41a_ru_241764ba15e635ddb2cc631d,0.927536231884058,5,191
exp41a_ru_24687643403e6e332b9a1f3f,0.9230769230769231,12,247
exp41a_ru_24ad20c705b0b07099e86223,0.927536231884058,10,228
exp41a_ru_254d9f8bcbb5c47fd682d25d,0.696969696969697,11,209
exp41a_ru_259b731ddf78e26e355503ed,0.9230769230769231,10,206
exp41a_ru_25db8295f08145a45e12ab9c,0.8372093023255814,12,187
exp41a_ru_25f1d5508db0c2562aa3051d,0.8333333333333334,12,250
exp41a_ru_260429395f0b9146f84fa281,0.9038461538461539,5,250
exp41a_ru_263e4a785c21d4a2c649d8ca,0.9367088607594937,11,194
exp41a_ru_26422598dce1bbde2103d075,0.9120879120879121,12,245
exp41a_ru_26567883f104ea5cbc776386,0.775,7,244
exp41a_ru_2673969588805a4599d4b20f,0.9180327868852459,11,250
exp41a_ru_268727cb1611a5a6f22e2f8a,0.8051948051948052,5,244
exp41a_ru_269a66956262a939dede24f2,0.8734177215189873,11,168
exp41a_ru_26aebccc82b2981e37f10a0f,0.8333333333333334,12,250
exp41a_ru_272d45807f9868a48d0a3399,0.8985507246376812,12,252
exp41a_ru_275ffc1a4da93749d32723e7,0.813953488372093,12,210
exp41a_ru_27613666cd41f8e5d24adadf,0.9375,11,189
exp41a_ru_27688caf08bba0f37b2f7ed5,0.8333333333333334,12,250
exp41a_ru_27aca4072fc85b8ce7752a26,0.9117647058823529,10,237
exp41a_ru_27fa87e61f5014e814e14494,0.6976744186046512,11,239
exp41a_ru_288f64b234daed9b3283ff3a,0.7362637362637363,10,188
exp41a_ru_28b4ea80968c6ff69b392ddf,0.6515151515151515,11,245
exp41a_ru_292d9b7f49b58661292d5552,0.927536231884058,5,191
exp41a_ru_292ef706cde143279a4af84e,0.7096774193548387,7,205
exp41a_ru_29a9c84ca52fdf5fa544dc26,0.9113924050632911,11,176
exp41a_ru_29b561d2ccc178ddba028013,0.8870967741935484,10,227
exp41a_ru_29dfd4fc122f86f104cecff6,0.8125,8,245
exp41a_ru_2ab3f7b2acf62ab4b1a34822,0.94,11,201
exp41a_ru_2ad21b4a4d18102e3726daf1,0.927536231884058,10,227
exp41a_ru_2ad61f99c27112c187ab701e,0.775,7,245
exp41a_ru_2b142c23ff166d3eedff3193,0.9117647058823529,10,241
exp41a_ru_2b27ad5b637cf3ca5e37df23,0.9302325581395349,12,186
exp41a_ru_2b2b9c6be5c06d3adcbd0225,0.7362637362637363,10,249
exp41a_ru_2b31cdceeb24947854567494,0.6376811594202898,12,201
exp41a_ru_2b48071ed1d57b56a5f467ed,0.9361702127659575,12,191
exp41a_ru_2b9d64122bdff0788de1e3c6,0.9117647058823529,11,237
exp41a_ru_2b9dc3966ea8b6dc560be4ef,0.9038461538461539,5,251
exp41a_ru_2c34c6dfcd6c879971cd9297,0.9038461538461539,5,240
exp41a_ru_2c42ea8385a28416d7d1d8cf,0.6060606060606061,10,223
exp41a_ru_2c53785dd01e981834cabd40,0.9361702127659575,11,246
exp41a_ru_2c54fd3b4d553d56c56f66b6,0.8333333333333334,12,212
exp41a_ru_2c641c5eefd85449db9c31ef,0.9444444444444444,10,204
exp41a_ru_2c8b94f01db255a35e1978d3,0.9444444444444444,10,208
exp41a_ru_2cefd14b34f3b92e0eb93f0b,0.90625,8,235
exp41a_ru_2d405b68b352f61b3e448298,0.9038461538461539,5,250
exp41a_ru_2dca50360e41262d15af6edb,0.8405797101449275,10,240
exp41a_ru_2e7eb662636a87b11a7d187a,0.8490566037735849,8,252
exp41a_ru_2ed23e9c751a98d987ddbee4,0.9206349206349206,12,249
exp41a_ru_2f3bc02e0336d7c30d6b4e25,0.9418604651162791,5,210
exp41a_ru_2fa6e7aaf54aa9b0c51cc52b,0.9484536082474226,8,253
exp41a_ru_2fd2caffa10a53a29754f9a3,0.6976744186046512,11,232
exp41a_ru_2fdabd8b52afeb362826af44,0.9230769230769231,12,246
exp41a_ru_2ff2ca57699f5995d784453a,0.9180327868852459,11,256
exp41a_ru_30356a7b1b4fd4e3f4af7ec4,0.9230769230769231,12,246
exp41a_ru_3062f5a267449b2f8a49aa3a,0.9166666666666666,12,217
exp41a_ru_30639207eb7f36268bfc0cdf,0.8372093023255814,12,240
exp41a_ru_306c66739e614905e9126a20,0.9230769230769231,12,247
exp41a_ru_3083a92d27de8bad1686f7c2,0.9032258064516129,10,232
exp41a_ru_30bdcac0b060d7a8ec6aa683,0.925,9,188
exp41a_ru_30e764ba7464aab977c21455,0.8985507246376812,12,253
exp41a_ru_3117a803034aef025a1a2d00,0.927536231884058,10,229
exp41a_ru_31373d385a1cd68b80612479,0.9206349206349206,12,249
exp41a_ru_317253ac750602c391be35ed,0.935064935064935,5,190
exp41a_ru_31b0749878ccf8c91dd82925,0.8875,12,188
exp41a_ru_32374fd61b55be953f9971ea,0.94,12,187
exp41a_ru_3303873e0c4fcb9d32e6dabb,0.9444444444444444,10,212
exp41a_ru_3312dd9bfdab61012d873357,0.6612903225806451,7,205
exp41a_ru_332e8100400dee0b9eb427ef,0.9484536082474226,8,253
exp41a_ru_337dd3e3598eab62b1a82145,0.8490566037735849,7,227
exp41a_ru_33c3032511cdec16d9761eb2,0.9206349206349206,12,249
exp41a_ru_33f6b735f99a4f8fe8dc387a,0.925531914893617,12,189
exp41a_ru_3473898c1fa0865830dee690,0.94,11,249
exp41a_ru_349010dc19ced86c959991b2,0.9180327868852459,11,232
exp41a_ru_3499c4a96078f0df188b2376,0.775,7,244
exp41a_ru_34c263fa497e142d09cb953a,0.9206349206349206,12,249
exp41a_ru_35255f8f8cb34485cf9742f3,0.9230769230769231,12,248
exp41a_ru_35351a8b311639cd3d43bb1c,0.6515151515151515,11,245
exp41a_ru_35687bb3ff00213887f452ad,0.7362637362637363,10,249
exp41a_ru_356e771f6fe91c43c5efcaeb,0.9375,11,183
exp41a_ru_35c2980e82e97c52d698be0a,0.8333333333333334,12,250
exp41a_ru_3605a06256c7558f92d8b166,0.9120879120879121,12,171
exp41a_ru_366830c758be03eab21b9313,0.90625,8,235
exp41a_ru_369dfe2521f57a04e00f5dd0,0.9206349206349206,12,249
exp41a_ru_36a75fcb9b5235cfe62e3070,0.90625,8,235
exp41a_ru_36d5de20270f58bb321bb9ba,0.9375,11,180
exp41a_ru_36d85fe13887d3cc21c37c88,0.8985507246376812,12,252
exp41a_ru_371c91ca573692af4447ed3f,0.6046511627906976,9,189
exp41a_ru_371cf5ceb34081e1920e23a1,0.9418604651162791,12,193
exp41a_ru_37203045893eb9c0560ee124,0.8875,9,180
exp41a_ru_377954d2ec726784e8cea0ae,0.9375,11,183
exp41a_ru_37f68946d969bf9e339183ad,0.9056603773584906,9,239
exp41a_ru_38837511a372d63fe3a492cc,0.9206349206349206,12,249
exp41a_ru_388a69f19416ab4733f28bc9,0.925531914893617,11,184
exp41a_ru_390be4a8b0b2d9c48f0b1e39,0.927536231884058,10,227
exp41a_ru_391933fe5fdf79347c36faa1,0.9056603773584906,9,250
exp41a_ru_39808f389ac2358c2f7fcb3d,0.8831168831168831,5,253
exp41a_ru_39c6355cdaace4e275170947,0.94,11,253
exp41a_ru_39e82a5aa76d6fef68f5e14b,0.7903225806451613,12,190
exp41a_ru_39fd903137f63e9cd9853fb6,0.9166666666666666,10,236
exp41a_ru_3ad786fdfec118e33682bc99,0.813953488372093,12,206
exp41a_ru_3adca065fafcdec5fe076807,0.8939393939393939,12,209
exp41a_ru_3b189b31a31f5186789e7ae8,0.9038461538461539,5,248
exp41a_ru_3b910fd1f413b84ebf551bed,0.6,9,215
exp41a_ru_3c5d5512e942efbfea008a4d,0.8115942028985508,10,244
exp41a_ru_3cb35bdbc442429cb16dce6a,0.9305555555555556,10,210
exp41a_ru_3cd22bd7f63185dd33185832,0.9056603773584906,6,222
exp41a_ru_3cd9475c2912b70b9665b8b5,0.9038461538461539,5,250
exp41a_ru_3ce2817fd5de54baa2c32f12,0.9367088607594937,11,194
exp41a_ru_3cec298cd5bcc195aec81875,0.825,12,191
exp41a_ru_3d7129e940ca51d73fb5e57f,0.8333333333333334,12,250
exp41a_ru_3d71c2521803ab0811693a4f,0.9056603773584906,9,239
exp41a_ru_3daf20f46338931c6fa1170f,0.8333333333333334,12,250
exp41a_ru_3ea3d38f43b9e775beac9924,0.9180327868852459,11,232
exp41a_ru_3eb25efb3d28801b4b7705ad,0.9230769230769231,12,246
exp41a_ru_3f25b9cabc962b79b3ff3014,0.813953488372093,12,186
exp41a_ru_3f2f7f911beb6c8fec67ce1d,0.6060606060606061,10,223
exp41a_ru_3f40914a8ad62aee921a095e,0.9375,11,188
exp41a_ru_3fc592df2660b7cc88834192,0.9230769230769231,12,247
exp41a_ru_400079831d624b946a7c7e7b,0.9444444444444444,10,209
exp41a_ru_406ed93a8c961a900ba67011,0.9375,10,205
exp41a_ru_40714a72550dc68b234b255c,0.9484536082474226,8,187
exp41a_ru_40c03d8c21bcc85b06feb471,0.9230769230769231,12,246
exp41a_ru_40c4732ba4a632afcfbf82e2,0.925531914893617,11,254
exp41a_ru_40ced9ad0ce1960a951f2639,0.927536231884058,10,229
exp41a_ru_41b34814819459ff03694d16,0.9230769230769231,12,247
exp41a_ru_41f7f51f313d9b7605a1f205,0.927536231884058,9,229
exp41a_ru_4240271b71b95e9a2b115129,0.8831168831168831,5,248
exp41a_ru_4242daf7f44f033296935d3a,0.9418604651162791,12,216
exp41a_ru_42bd334a04436f5edc6b1cdf,0.9038461538461539,5,250
exp41a_ru_437a2301c42a5f97438d9940,0.9206349206349206,12,249
exp41a_ru_43a07c2747c2bcc31fee272b,0.9056603773584906,9,250
exp41a_ru_43fcaf5b875cd5e2f2f6da1a,0.8888888888888888,12,249
exp41a_ru_442e5277b3d67d8cfee5db0f,0.9361702127659575,11,246
exp41a_ru_445a89da59d7abd19e8a6990,0.94,11,185
exp41a_ru_45070388167c175e9ac40147,0.9240506329113924,8,193
exp41a_ru_4529c7ecd85432a64882533a,0.8051948051948052,5,239
exp41a_ru_456a5df0e06f2a8f5989e454,0.925531914893617,11,185
exp41a_ru_45a35099fa13c324e91b20e0,0.6060606060606061,10,223
exp41a_ru_45bc4b03b19ad774288581d7,0.8604651162790697,12,224
exp41a_ru_4641cab25f83c40539c64b1e,0.9206349206349206,12,249
exp41a_ru_466e98136dc9b28043f411be,0.9206349206349206,12,249
exp41a_ru_46ed7b55fd89cf445f253614,0.813953488372093,12,186
exp41a_ru_47003bd77730cc0bf13cbcd5,0.8831168831168831,5,201
exp41a_ru_47737fceed27ed20406e9222,0.7252747252747253,7,190
exp41a_ru_47893b3053eb41cb1d4d3358,0.9418604651162791,5,203
exp41a_ru_47b90c3e3fc1baccb60ab6ec,0.9032258064516129,10,229
exp41a_ru_4817db3e088e7d2b606e0da3,0.9444444444444444,10,215
exp41a_ru_485e339e6cd13d6d16890236,0.9186046511627907,5,170
exp41a_ru_4975b9fc2f35b6edd643db73,0.9361702127659575,11,246
exp41a_ru_4978613bd6ac01c82c74b4b1,0.8679245283018868,12,180
exp41a_ru_49b5bfeb6a0066d552f876cd,0.8831168831168831,5,196
exp41a_ru_4ab33700098ab890c6fa444c,0.813953488372093,12,188
exp41a_ru_4b453b63c7e1a904635d8c63,0.8734177215189873,11,168
exp41a_ru_4b64ab5b36eea1a328b2da29,0.925531914893617,11,250
exp41a_ru_4b973d23bf79a56781e9b0c0,0.9120879120879121,12,177
exp41a_ru_4bd6a14a743f310348cb0f93,0.813953488372093,12,191
exp41a_ru_4c4d8b7eeca7c105402e2005,0.825,12,191
exp41a_ru_4c9fbe108c70cce009dee081,0.8679245283018868,8,247
exp41a_ru_4cc553d28c7c7bf8b5de6fee,0.9117647058823529,10,253
exp41a_ru_4cd0e4de0ab4ce030ec2f125,0.6666666666666666,12,190
exp41a_ru_4cebe3901f379962787754c2,0.9032258064516129,10,229
exp41a_ru_4d4b56bea7e7e11a28604f7a,0.9361702127659575,11,253
exp41a_ru_4d615cb10f98bf94119fd245,0.8301886792452831,11,180
exp41a_ru_4df858d2b33ee6fe217599d6,0.7362637362637363,10,249
exp41a_ru_4e3d132468c5cb51158b5ac9,0.9230769230769231,12,246
exp41a_ru_4e5f116d468da60454127f36,0.8607594936708861,11,193
exp41a_ru_4e703782bdd5fbc88eda7556,0.7790697674418605,12,190
exp41a_ru_4f54ce2e427f1656fa58c922,0.7032967032967034,9,196
exp41a_ru_4f7d3475c6c1b09fa86e282a,0.9444444444444444,10,204
exp41a_ru_4fd233aaa373b50a5a11c69e,0.9056603773584906,9,242
exp41a_ru_4fdbb18c2ea25d77496a49ac,0.9230769230769231,12,247
exp41a_ru_503141412c1c8f504bebce6a,0.8791208791208791,12,195
exp41a_ru_5042cbd027f6cb18c35f1eae,0.9038461538461539,5,238
exp41a_ru_508d58ceaf77efac53a484c2,0.9230769230769231,12,247
exp41a_ru_508e9421f54f16967a98efef,0.9444444444444444,10,209
exp41a_ru_50bc306f159259d74f38c840,0.7362637362637363,10,249
exp41a_ru_50f95db574344f60f035ee0b,0.9361702127659575,11,246
exp41a_ru_514a5eedf663c55e87e383c1,0.925531914893617,11,254
exp41a_ru_51698ebe6a62370dcfa3b7c2,0.9038461538461539,5,246
exp41a_ru_52218681f48c5c3129ac99f4,0.94,11,193
exp41a_ru_528d0fb095947b2be2baa572,0.9032258064516129,10,237
exp41a_ru_532df109ea63a6d78ef9a2df,0.9056603773584906,9,247
exp41a_ru_5330d4a5ebc89a3406250928,0.813953488372093,12,209
exp41a_ru_533b9ef226dcff3954d97b1b,0.927536231884058,10,227
exp41a_ru_534403bcad8dc50b6334451e,0.935064935064935,5,199
exp41a_ru_53512910242024754e8d9e7f,0.825,12,191
exp41a_ru_53b8920824acb7d1f46604b3,0.8571428571428571,10,178
exp41a_ru_53ec21a987518b6f63730449,0.9242424242424242,7,255
exp41a_ru_5434da25f0e60a285756f09f,0.9117647058823529,10,241
exp41a_ru_54b09bfaeda7b931f71cbf9a,0.9032258064516129,10,229
exp41a_ru_5501c8cb3eac4b96315624bf,0.851063829787234,12,220
exp41a_ru_55476a4734505eded6f7f950,0.9032258064516129,10,237
exp41a_ru_554a766e84cb1d00e5057005,0.8064516129032258,7,214
exp41a_ru_557b1aac8949b37482a51742,0.851063829787234,12,218
exp41a_ru_55b38ee6870735eb911abe7b,0.81,11,246
exp41a_ru_55c5375634908461f50dc50f,0.9305555555555556,9,213
exp41a_ru_561d19a7b47a0ac4fb31028c,0.6976744186046512,11,244
exp41a_ru_56211dd2b7ad4259645eca6d,0.927536231884058,10,229
exp41a_ru_56cf15939305b768075d9c16,0.7121212121212122,11,227
exp41a_ru_56e4c07dc15ddf4e7807a5bf,0.8372093023255814,11,253
exp41a_ru_570e02d53854bb866f68cb73,0.9038461538461539,5,250
exp41a_ru_5722a7c8050e939658e9d369,0.8829787234042553,12,209
exp41a_ru_577b7a3e5f2bcfdfc1596e04,0.9056603773584906,9,247
exp41a_ru_578552db2c8b96bc15b18eb4,0.94,11,238
exp41a_ru_57900d2b6346fcfab6bcaa3a,0.9206349206349206,12,249
exp41a_ru_57a20f15c102668c6a50136c,0.9230769230769231,12,248
exp41a_ru_582202d3618a16dfa58d9ed7,0.90625,8,235
exp41a_ru_58a99b7ac066f0b95b336b55,0.9117647058823529,11,235
exp41a_ru_58f223ce87883d9f4c0bb58b,0.9166666666666666,10,225
exp41a_ru_59ae3e22f0d9e6343f652bec,0.9186046511627907,5,188
exp41a_ru_59b1c488ed416b051f7f31c7,0.775,7,177
exp41a_ru_59b7e6412ac254c1f23aa1d3,0.9444444444444444,9,216
exp41a_ru_59dccc632be2fd7f9f1caff1,0.8860759493670886,12,196
exp41a_ru_5a053f5e47a6b4e44b46054a,0.9038461538461539,5,240
exp41a_ru_5a119390b649d534d7c578c3,0.927536231884058,10,229
exp41a_ru_5a3a06488aa5c1807e2d3c39,0.8604651162790697,12,185
exp41a_ru_5ae66df26ccdae2e71ede1d0,0.9230769230769231,12,248
exp41a_ru_5aeef9705e7c2312c049d66e,0.7032967032967034,9,196
exp41a_ru_5af82571cf419b67023d976b,0.6060606060606061,10,223
exp41a_ru_5b9d2e5db618a426d7b8b6b9,0.9230769230769231,12,246
exp41a_ru_5bc0b96fe9bf85996289c69d,0.83,8,205
exp41a_ru_5c028d1dbc1400b5f331b9a6,0.9038461538461539,5,245
exp41a_ru_5c242e89639cbe6c0047ffc4,0.9418604651162791,12,217
exp41a_ru_5c8037f637978b7a4bfe87af,0.8831168831168831,5,194
exp41a_ru_5cbbc1d0e3004dbba0a4054c,0.6060606060606061,10,225
exp41a_ru_5ce09a597765c31e4e6c54a4,0.8051948051948052,5,248
exp41a_ru_5d0deba45440c36b8a6de09f,0.925,10,196
exp41a_ru_5d1e7b2850ebe8ce783eceba,0.620253164556962,8,177
exp41a_ru_5d34dd1bf179832adcc8696f,0.935064935064935,5,195
exp41a_ru_5de24f6655c23e6d09e9b74f,0.7790697674418605,12,247
exp41a_ru_5e0f7dcc9770cc7febb50040,0.90625,8,235
exp41a_ru_5e0fa9bffe0b6d76c911efcd,0.9186046511627907,5,170
exp41a_ru_5e1bcdcfa1fca049bdba854a,0.7362637362637363,10,248
exp41a_ru_5e317700099c90bf276c9767,0.7419354838709677,12,187
exp41a_ru_5e6dd82f0b46fbd6aee15518,0.935064935064935,5,251
exp41a_ru_5e880ad96f607448b4ebaadb,0.9180327868852459,11,254
exp41a_ru_5f27e507266f14a2ddfeaf2f,0.927536231884058,10,228
exp41a_ru_5f542bb3d83a2a788d048d6f,0.9206349206349206,12,249
exp41a_ru_5fc09a935749b6b0be1cf6f4,0.9206349206349206,12,249
exp41a_ru_601407fc744f173a5365a28a,0.9240506329113924,10,193
exp41a_ru_60d310a66082ab796219eeeb,0.8372093023255814,12,242
exp41a_ru_61914e480f182ae65555ebb1,0.925531914893617,12,197
exp41a_ru_622d20317f8ebfa96fe36764,0.6060606060606061,10,223
exp41a_ru_623766a88cdb56af42ea1a58,0.825,12,191
exp41a_ru_628f052cf6181088e4b03bfa,0.9038461538461539,5,251
exp41a_ru_629281eaedfa5bc0ad7402e9,0.9038461538461539,5,250
exp41a_ru_62d6a8e3928495216a181ae2,0.8831168831168831,5,194
exp41a_ru_62e11f010070f8769246edda,0.9038461538461539,5,240
exp41a_ru_633f50db9a708d6ab88be384,0.9444444444444444,10,209
exp41a_ru_633f9b2d9c90a9ec4c854c76,0.6060606060606061,10,223
exp41a_ru_634bbc0f3fa4356cbfd957bd,0.9038461538461539,5,250
exp41a_ru_63572c8c07e3263c48d74597,0.9038461538461539,5,235
exp41a_ru_635b82ad9f9b0f4018f17da3,0.7802197802197802,7,186
exp41a_ru_6370310169461019f49a4461,0.935064935064935,5,205
exp41a_ru_637c22a27e74d84d43aedf8d,0.8831168831168831,5,196
exp41a_ru_63df0c6a0a8fff57184abbfd,0.8405797101449275,12,256
exp41a_ru_63f378ff8ec8511f27930ec0,0.8734177215189873,11,169
exp41a_ru_648f4b1b1a0941354627aea6,0.7674418604651163,12,190
exp41a_ru_65052926a754cdb1eff9ffc7,0.9038461538461539,5,240
exp41a_ru_657767769d659ddd414535fb,0.927536231884058,10,229
exp41a_ru_65ba0c8f7979715de7431402,0.775,7,244
exp41a_ru_66d601105abecc2ea3033bf3,0.775,7,244
exp41a_ru_66dbd88b4f9d46cfee3f827d,0.7727272727272727,12,183
exp41a_ru_6768c524069de63f90582b7e,0.7258064516129032,8,232
exp41a_ru_6782dcbcb61f533e427ced0c,0.9038461538461539,5,247
exp41a_ru_6799e953df36eb4a4eef121c,0.9117647058823529,11,238
exp41a_ru_67aa88180d87828fb16ccc32,0.9056603773584906,9,250
exp41a_ru_67b15df3552fc52d1d2e8738,0.6060606060606061,10,223
exp41a_ru_6805212057fe71215e28501e,0.7790697674418605,12,227
exp41a_ru_680de847a9614aa67c699a4d,0.6612903225806451,7,206
exp41a_ru_681aa3a52910f2d419bca656,0.9180327868852459,11,232
exp41a_ru_688bc2fed654b860f16cd58b,0.9056603773584906,6,215
exp41a_ru_690abd52c5a8a3682830a79b,0.8831168831168831,5,198
exp41a_ru_693dad0e6821ffddedca5155,0.9206349206349206,12,249
exp41a_ru_6944c2739e7a1c1b899b5691,0.9375,10,220
exp41a_ru_69623adce1c81500f4313db7,0.8860759493670886,12,196
exp41a_ru_69a58beeaeffe4c640995f36,0.8333333333333334,12,250
exp41a_ru_69cd387afa451a145745027c,0.9180327868852459,11,232
exp41a_ru_69f6e48e2a7c2d95e27d8150,0.696969696969697,11,244
exp41a_ru_6a2293d87b7a00592c70c56a,0.9032258064516129,10,237
exp41a_ru_6a7272c1fb28c704404d501e,0.927536231884058,11,236
exp41a_ru_6a8272206922408499275f4a,0.927536231884058,10,228
exp41a_ru_6ac9c236cbf6e6696ad680db,0.9375,10,214
exp41a_ru_6acc6831ceeb73a27d791251,0.8831168831168831,5,199
exp41a_ru_6b426ec98231600a30f8f4a8,0.7362637362637363,10,190
exp41a_ru_6b62e5e4e2a4504cf99e4a28,0.9340659340659341,5,217
exp41a_ru_6bdf2c4d968569dcb065a33b,0.9038461538461539,5,245
exp41a_ru_6dade5e5081898169df87c35,0.925531914893617,11,248
exp41a_ru_6e8f9c2490c4cd0348e1578c,0.8831168831168831,5,250
exp41a_ru_6e9428c38cb0256bf6756ffb,0.9375,10,205
exp41a_ru_6ed3a095d57681a2fccd8e85,0.6515151515151515,10,245
exp41a_ru_6f2181ae899cefbb7dd2bcbc,0.9,10,183
exp41a_ru_6f3ca5ed87b91a1e81d917c2,0.9166666666666666,11,255
exp41a_ru_6f6298f783a6dbcf4d1f697f,0.9375,11,183
exp41a_ru_6f72e9419745adbac624cf19,0.7362637362637363,10,196
exp41a_ru_6f8512496f9628a3475414bd,0.7362637362637363,10,255
exp41a_ru_6fda38c83a442080a13a3217,0.927536231884058,10,228
exp41a_ru_6ff34b3d9c36c51983b136f0,0.8372093023255814,12,197
exp41a_ru_7006d43259d7717f3beaaeca,0.8051948051948052,5,237
exp41a_ru_70a52a41e2930df0da1da331,0.8860759493670886,12,193
exp41a_ru_70bab21172cd29de6831c14b,0.825,12,191
exp41a_ru_70ce92d483f95711c5281513,0.8571428571428571,10,188
exp41a_ru_70e134b04870354012b7c76d,0.9166666666666666,10,228
exp41a_ru_71c6beed9a3b3f99865f677e,0.6612903225806451,7,206
exp41a_ru_71dadd63412f5f0d7e12a148,0.9230769230769231,12,246
exp41a_ru_72034812ce869d2099228ebe,0.94,11,199
exp41a_ru_7223d2e7d2d7c5d0c1a26c6f,0.9361702127659575,11,247
exp41a_ru_723c81baa851ae12ef64b539,0.9340659340659341,5,217
exp41a_ru_72426bee1663e477e63dc365,0.9418604651162791,5,213
exp41a_ru_726364b255ff20d5fa6296b2,0.8333333333333334,12,250
exp41a_ru_7277272322b5b96d50bcd053,0.94,11,256
exp41a_ru_72870ef89fe7e28d716f3de0,0.9361702127659575,11,246
exp41a_ru_728804fdf02402ca94cdec6d,0.9206349206349206,12,249
exp41a_ru_72a70626aec41fee6bbd868e,0.7362637362637363,10,198
exp41a_ru_72c67c73be320a075aeb3650,0.9206349206349206,12,249
exp41a_ru_72cd9920d53e74cf725ada97,0.9038461538461539,5,250
exp41a_ru_730dd715a35314f382cd568d,0.9484536082474226,8,189
exp41a_ru_7317a4a6c31458d2dadbba6b,0.9444444444444444,10,214
exp41a_ru_73554ac74321032674232f1c,0.935064935064935,5,190
exp41a_ru_736ac8518671ebd11969824e,0.9186046511627907,5,188
exp41a_ru_73dc0e109c8b5755652963a1,0.9180327868852459,11,256
exp41a_ru_73ec3dfe12d4e888f0fbd43d,0.8831168831168831,5,198
exp41a_ru_746459c57c4921af4babd9e1,0.927536231884058,10,229
exp41a_ru_74927fcca41507c448c9d2a9,0.8985507246376812,12,248
exp41a_ru_74a4af295d8e5a844e99c432,0.9032258064516129,10,229
exp41a_ru_74dfb06ef0ddd8be9c44eecf,0.9113924050632911,11,176
exp41a_ru_74ee90b1135cb7bc36cae58d,0.925531914893617,11,248
exp41a_ru_76057c718d70d4c96bc9ec0d,0.935064935064935,5,251
exp41a_ru_767d603d4f09517825da1379,0.8372093023255814,12,239
exp41a_ru_76862bb061cc863421564ca5,0.9375,10,214
exp41a_ru_76874682e53da5b069b3bfe9,0.7674418604651163,12,207
exp41a_ru_76879ac637bb167cad783b6a,0.759493670886076,8,193
exp41a_ru_76b64bfa755a76bce3f03fe4,0.7441860465116279,11,252
exp41a_ru_76d9e754fa8be6b9851f63a2,0.7580645161290323,8,234
exp41a_ru_7756c6c8d5f3fb659cc96e12,0.825,12,191
exp41a_ru_778b2d9441433bc04b416bf0,0.9230769230769231,12,248
exp41a_ru_7791090ca2528c12faf34e94,0.7802197802197802,7,187
exp41a_ru_781e747bf63c07a17cbd6570,0.9418604651162791,12,215
exp41a_ru_782cfe43c57f535455a2e52c,0.9230769230769231,12,248
exp41a_ru_786bc2e177708ca1ef28cdea,0.9056603773584906,9,242
exp41a_ru_7900ee4f7357e5736712acef,0.8985507246376812,10,254
exp41a_ru_790535c9ad133f7ea1a4d29e,0.927536231884058,10,228
exp41a_ru_791573c1474edc710eb4d4ab,0.9206349206349206,12,249
exp41a_ru_795266135c5ee517c6db53bb,0.8490566037735849,8,252
exp41a_ru_797066f64f07d4d9d4243dde,0.927536231884058,10,229
exp41a_ru_798e9786fcc7c6afee9c0c2e,0.8831168831168831,5,250
exp41a_ru_79f8f67a7f24f07efeb653b0,0.8488372093023255,12,222
exp41a_ru_7a0899ef1036252e7a539cd7,0.9361702127659575,11,253
exp41a_ru_7a2776155a44820c2b8b2bf5,0.9120879120879121,12,201
exp41a_ru_7a294d8c5f11ab8803083d16,0.9484536082474226,8,187
exp41a_ru_7ab23b92c1266280bb2d6057,0.9038461538461539,5,240
exp41a_ru_7b1a3e55ec2a88ec815053d4,0.8831168831168831,5,251
exp41a_ru_7b37d44c9bd87dff14de402d,0.9166666666666666,11,252
exp41a_ru_7b9e4c669d4613cb6f68ed76,0.9117647058823529,10,234
exp41a_ru_7bbb24887c11c72eb0a405e7,0.9230769230769231,12,246
exp41a_ru_7cd7b074c44cacc70efd36d6,0.9230769230769231,12,248
exp41a_ru_7dbaad3d8d487f0f7d966959,0.6627906976744186,3,188
exp41a_ru_7dd23cd054cf3669b1173209,0.7906976744186046,12,199
exp41a_ru_7e0b16b28c1b555d873c5b58,0.94,12,247
exp41a_ru_7e573b47b17e9aace6616d5a,0.9056603773584906,6,215
exp41a_ru_7e6ee964bd456e5f926c59dc,0.6515151515151515,10,255
exp41a_ru_7ecd47aeebe57444b0f9d1fc,0.9038461538461539,5,235
exp41a_ru_7f16f40020580d3825956f7d,0.9206349206349206,12,249
exp41a_ru_7f47cb173c819cd81c38620b,0.7362637362637363,10,249
exp41a_ru_7f8d66f66ff7a74acf3c2dd9,0.813953488372093,12,194
exp41a_ru_7fc7fb10ac2c685d718388e8,0.7906976744186046,12,193
exp41a_ru_7fdd0272349e00f4f82e90cf,0.7790697674418605,12,216
exp41a_ru_800162a7cba6faf9766d450f,0.696969696969697,11,242
exp41a_ru_805b0570417788874ab4afa7,0.825,10,180
exp41a_ru_8092451777153e8e1a228a67,0.6060606060606061,10,223
exp41a_ru_80ce40f942b2b6c45119de92,0.9206349206349206,12,249
exp41a_ru_8117df2ddd0fd17ea70b1a78,0.9375,12,199
exp41a_ru_818465604b9c16c26399648f,0.7802197802197802,7,184
exp41a_ru_81ae367a6adced06a7ee2346,0.8953488372093024,12,214
exp41a_ru_81bf101b6229b70acad4c16c,0.9038461538461539,5,248
exp41a_ru_823a2661fe596511a082a2a2,0.90625,8,236
exp41a_ru_82a06998767143bcb966f0b6,0.872093023255814,12,220
exp41a_ru_82e01bfeec1305c27824d14b,0.775,7,244
exp41a_ru_83050ae93d714357fd453f94,0.9444444444444444,10,214
exp41a_ru_830bf2e4f050a93fa75d92ce,0.935064935064935,5,240
exp41a_ru_8346c94fe3fa1a41018df827,0.825,12,191
exp41a_ru_8353b376a6bf56d62e1ae91f,0.6060606060606061,10,223
exp41a_ru_8362abebfeb615ee9b767bb3,0.9056603773584906,9,250
exp41a_ru_842cf2dd33a5bcaf3226f02b,0.9206349206349206,12,249
exp41a_ru_8460002cf6d032693616e489,0.9180327868852459,11,232
exp41a_ru_847a88bb129a1cdfc45b66f0,0.9117647058823529,11,239
exp41a_ru_84a339e5f5893d55b1557bc0,0.8823529411764706,9,251
exp41a_ru_84c3608fb3016ce18b02842f,0.9117647058823529,10,253
exp41a_ru_8540f400d148073aabc58ea4,0.8372093023255814,12,197
exp41a_ru_85a591fdf87d79ba7befb132,0.6075949367088608,8,254
exp41a_ru_85bda17dc04a06f5609befb2,0.9375,11,183
exp41a_ru_85d545d7782fcb9babf153cf,0.825,10,188
exp41a_ru_8626ccf2dbe120e36d3372d5,0.925531914893617,11,248
exp41a_ru_86e17f5e6c5175ab9c0d67da,0.8571428571428571,5,248
exp41a_ru_872afb39ca111bffc5485ecf,0.9038461538461539,5,235
exp41a_ru_8763fd407508b08256c38473,0.9166666666666666,10,231
exp41a_ru_87ee745be39749be0cb166cb,0.9230769230769231,12,246
exp41a_ru_8801b419ba57f3c8ae92f39d,0.9120879120879121,12,177
exp41a_ru_8823bfae9cb7dc5a75af87ff,0.9484536082474226,8,184
exp41a_ru_88353a77c994633e93492ca9,0.825,12,197
exp41a_ru_885ade4f1e61de0d0d8a7e7d,0.8484848484848485,12,253
exp41a_ru_885eabb1108e510cf4661461,0.9056603773584906,9,242
exp41a_ru_88687ef8c3f01014c9945c9e,0.9484536082474226,8,189
exp41a_ru_88cfe6d5fac1bf098bd6fb09,0.8333333333333334,12,253
exp41a_ru_890ff3a1db2d603d9646af44,0.8823529411764706,9,252
exp41a_ru_892188ab1f2b6a41fe9219ee,0.9117647058823529,6,237
exp41a_ru_89da8a6ddeb0f38c988b2abb,0.9113924050632911,11,176
exp41a_ru_89f73685b443f5d805aaf89f,0.84375,7,226
exp41a_ru_8a244971fba1c28f578385bd,0.775,7,249
exp41a_ru_8a2f428cf2b987026551100e,0.775,7,247
exp41a_ru_8a340ab8252aeadedb2bce90,0.825,12,180
exp41a_ru_8af1492cdd44c7aed6a893c0,0.8875,12,180
exp41a_ru_8af3934480b9a0c5a8f86f54,0.9056603773584906,9,241
exp41a_ru_8af98e29ee62f0e0069a21d5,0.9180327868852459,11,256
exp41a_ru_8b22719f4f8c7dcb90ac7a85,0.8985507246376812,12,236
exp41a_ru_8b2a03db77a6044061e756a5,0.90625,8,236
exp41a_ru_8c1e6e64f8c6dc30fc6b76b9,0.7727272727272727,12,238
exp41a_ru_8c4444cd667ef52533a25e6b,0.9180327868852459,11,255
exp41a_ru_8c568cf65240bcacff421cd2,0.9117647058823529,11,237
exp41a_ru_8c634d60db32202d5e824955,0.7727272727272727,12,227
exp41a_ru_8c6acc7cb1677711bce08179,0.9418604651162791,12,188
exp41a_ru_8cdce4d5d2312b59ecbb4526,0.927536231884058,10,229
exp41a_ru_8d073c77e421d676f49af251,0.9484536082474226,8,185
exp41a_ru_8d2943dd3d7532195b275da9,0.9206349206349206,12,249
exp41a_ru_8d4ba72628511541885891b5,0.6060606060606061,10,225
exp41a_ru_8dc0a49b531d8fc3331dca6a,0.8333333333333334,12,188
exp41a_ru_8ddb37acad9c0adb375753ac,0.8301886792452831,11,180
exp41a_ru_8e08e7a0e13edc1fc6e6ec67,0.9056603773584906,9,250
exp41a_ru_8f6cc4fa45202b027e7b3755,0.6612903225806451,7,203
exp41a_ru_8fd06c0573609444994f52f3,0.94,12,252
exp41a_ru_8fe296ba3a6176241bb6cb33,0.8571428571428571,10,182
exp41a_ru_9059b666ad14462ae8e4fdca,0.9361702127659575,10,236
exp41a_ru_905d40310773bd0aa6b26468,0.775,7,179
exp41a_ru_9061c50343b7ece8d42c6ad5,0.9038461538461539,5,245
exp41a_ru_908065d5a486276a2852506b,0.6060606060606061,10,242
exp41a_ru_908c5b5da62b6c8853da537e,0.927536231884058,10,229
exp41a_ru_9095c2f0423c97e42d250e3e,0.8831168831168831,5,247
exp41a_ru_90cedebaac38261fc749d024,0.8985507246376812,12,253
exp41a_ru_916c83cab50cb18ddb2042e4,0.8831168831168831,5,256
exp41a_ru_919037c0c48958dcc3c6ff69,0.825,12,181
exp41a_ru_91f0adb6664367bf1417a1fe,0.9361702127659575,11,247
exp41a_ru_92499467805f621660b7bb79,0.825,12,191
exp41a_ru_929dd464b0fa81f9c73d3831,0.6060606060606061,10,225
exp41a_ru_931a5d37f886fa18e838618d,0.9484536082474226,8,252
exp41a_ru_9375dc33983d386046c36fbc,0.9180327868852459,11,232
exp41a_ru_938c57d20aaad6e3af23bec3,0.7362637362637363,10,255
exp41a_ru_939de9758eda5bd75fe3961f,0.9230769230769231,12,246
exp41a_ru_93ade70ee522f2f3acff12c4,0.813953488372093,12,210
exp41a_ru_93b166de314f139116a35d67,0.94,12,247
exp41a_ru_941c3bf9b031767275e6367d,0.8734177215189873,11,168
exp41a_ru_9434de6f8d6666cb31c509b7,0.935064935064935,5,251
exp41a_ru_943d4ec4679c78319976585c,0.9180327868852459,11,255
exp41a_ru_94aa268c785a2ba4d23bdda6,0.8867924528301887,9,244
exp41a_ru_954ff207f7fd8c5315148a1f,0.7362637362637363,10,249
exp41a_ru_962521feb76a5e9cbcad7558,0.775,7,230
exp41a_ru_965290a5f485211e28005f6f,0.9361702127659575,11,245
exp41a_ru_96dee4f46c901f8ca77e8474,0.9120879120879121,12,164
exp41a_ru_96f9e5fb9cd7f4a3a3f376cc,0.7362637362637363,10,188
exp41a_ru_96fe8d95a36efc2958cab7d8,0.925531914893617,11,251
exp41a_ru_9708f24399cc7c7eece2b1c0,0.8860759493670886,12,193
exp41a_ru_97351ae515808be122fd27a1,0.9186046511627907,5,192
exp41a_ru_9781928c1d54d1b41e826429,0.813953488372093,12,197
exp41a_ru_97b5965e13623659dd10aacd,0.9375,11,183
exp41a_ru_97ceac91f71979a26cf00305,0.9375,11,183
exp41a_ru_97f4c6f9843a7bc2323eeb91,0.9375,10,214
exp41a_ru_9832863e7574f965787c41f7,0.927536231884058,9,227
exp41a_ru_9842061022c215e0d855e6a3,0.8571428571428571,10,180
exp41a_ru_98d1b080a760cf54d52ee727,0.9056603773584906,9,239
exp41a_ru_9959298cd1a6a0558a39fdb1,0.7,9,236
exp41a_ru_996a1487e1025df2aaede385,0.7,9,217
exp41a_ru_996a3557924d337311053c8a,0.927536231884058,10,228
exp41a_ru_997316223114e1b54aadd6da,0.9375,10,204
exp41a_ru_99741480e1e7e28df0be58cb,0.6060606060606061,10,225
exp41a_ru_99790fb558f6a3c175b35ad4,0.90625,8,235
exp41a_ru_99b3815585c47b576b62c201,0.7727272727272727,12,227
exp41a_ru_99d459ab47f66a14f16a9042,0.813953488372093,12,248
exp41a_ru_99eedeb11bdadfa1218dfd21,0.81,11,246
exp41a_ru_9a21f860223a0a556b067ac9,0.8985507246376812,12,240
exp41a_ru_9aa5d282fbd722bf6b687bf4,0.8333333333333334,12,250
exp41a_ru_9adf1343a51bb6dd7d22a143,0.90625,8,236
exp41a_ru_9af706d189175f5ba2268b28,0.7,6,253
exp41a_ru_9b4d745163a620053cf381e0,0.8333333333333334,12,207
exp41a_ru_9b5d44ce0e5796c1e3385b1a,0.935064935064935,5,200
exp41a_ru_9bbaefe441b9ed3b4a2b1020,0.9166666666666666,10,228
exp41a_ru_9c8cb6bfa518c35d1caaf017,0.6521739130434783,12,194
exp41a_ru_9cd44a6954774ce3a86ff792,0.8679245283018868,12,180
exp41a_ru_9d4df341eebdc085057e2f20,0.9230769230769231,12,246
exp41a_ru_9d570b8abde70a08b6aee1ec,0.935064935064935,5,198
exp41a_ru_9daa602a5d36237102659777,0.94,12,187
exp41a_ru_9dd9b81bd5bb262d648ef787,0.9032258064516129,10,232
exp41a_ru_9dfc7d4fee44d1ac29246dfe,0.8333333333333334,12,250
exp41a_ru_9e0d8ab23b15e844afe5ab08,0.7362637362637363,10,196
exp41a_ru_9e7335d04de96a3be9195a85,0.935064935064935,5,202
exp41a_ru_9ea48958c812f8b3cafaae23,0.94,12,246
exp41a_ru_9f2d492eb2bc892c766635b9,0.9117647058823529,10,239
exp41a_ru_9f2faebf12dc43aed65b3ecd,0.927536231884058,10,229
exp41a_ru_9f352f9b6320427aa078ee3b,0.9230769230769231,12,249
exp41a_ru_9f8b8c6a00ad438dbd9ef74e,0.9038461538461539,5,251
exp41a_ru_a0265e54d0a5a4420aa6c6d9,0.9056603773584906,9,250
exp41a_ru_a04802570a466e6c31a2f3d1,0.7659574468085106,12,208
exp41a_ru_a0df8df8c9fe7d722d77905a,0.7362637362637363,10,249
exp41a_ru_a100b0edd3385518fe82d981,0.9375,11,183
exp41a_ru_a1299cfe1b8e1e2e50687488,0.9375,9,214
exp41a_ru_a137a63ca5a66aa914626849,0.825,12,249
exp41a_ru_a1a0ebdde43f6ce790718987,0.925531914893617,11,184
exp41a_ru_a1a5ad6eeec5735f73b8a7d6,0.9038461538461539,5,245
exp41a_ru_a1c20cafd475992ea3d82de9,0.9240506329113924,8,196
exp41a_ru_a1eaa5c250c554a95463814b,0.935064935064935,5,250
exp41a_ru_a20334d0981dc41e1c5c4926,0.9056603773584906,9,250
exp41a_ru_a2a2af97af7c531c865d02ac,0.925531914893617,12,191
exp41a_ru_a347702927f55b74fb53b0c4,0.7,8,256
exp41a_ru_a3e2a95d5e51cf6beac54c1b,0.8333333333333334,12,207
exp41a_ru_a41fcd634417b51d2055f800,0.8823529411764706,9,252
exp41a_ru_a50136e18c6c5932c50b59a0,0.9117647058823529,11,237
exp41a_ru_a53ceab01bfa137c5fc1eb13,0.775,7,245
exp41a_ru_a57c5d81c86dc4b3547d0a20,0.935064935064935,5,251
exp41a_ru_a5eacc7fd46366ad6a6321af,0.8333333333333334,12,256
exp41a_ru_a5fb752abece80bfbc254b2e,0.813953488372093,12,197
exp41a_ru_a601b864a27e1f8e5c403f21,0.7790697674418605,12,249
exp41a_ru_a60485404e057d413bc2a311,0.925531914893617,11,247
exp41a_ru_a6350f73c516fe07f07e805c,0.9375,10,189
exp41a_ru_a6c9a5bef2ca1d88a2c36596,0.6612903225806451,7,212
exp41a_ru_a6ebf94766f9b0a4062717ee,0.8255813953488372,12,195
exp41a_ru_a75c6c4b5cd985138db16128,0.9056603773584906,9,247
exp41a_ru_a7d308904cf79bf25cb6fed8,0.8823529411764706,9,252
exp41a_ru_a8250de6a853bdb6d0ad4822,0.925531914893617,12,191
exp41a_ru_a87b6ed94a2c474ae52a4751,0.7325581395348837,12,195
exp41a_ru_a8c3e8f0757562132c05d0ce,0.872093023255814,12,213
exp41a_ru_a916ecfbdad90ab6e18ecdd6,0.9230769230769231,12,248
exp41a_ru_a93b4f2c2c3bdcaaee76b616,0.825,12,191
exp41a_ru_a943ea1e3bf4eea10bdefffd,0.9117647058823529,10,245
exp41a_ru_a99e6171d323b9ed6e6b6941,0.775,7,180
exp41a_ru_aa5ef8d73d0c70a4e70e58d1,0.9230769230769231,10,253
exp41a_ru_aadcd6cad11b171c8cc7c592,0.94,11,187
exp41a_ru_aae0676d0fdc75746f76b82c,0.6612903225806451,7,206
exp41a_ru_aae3e69c0dc2071102ca6008,0.9180327868852459,11,255
exp41a_ru_ab22f12f4aae5ff7f406198a,0.9206349206349206,12,249
exp41a_ru_ab4183a7cbfc7245aca6b57b,0.8860759493670886,11,256
exp41a_ru_abe3ee8cdea5523ef8ed79bb,0.6612903225806451,7,206
exp41a_ru_ac800bb26ae9282e286fcd6f,0.9206349206349206,12,249
exp41a_ru_acb4e94035390506af480f21,0.9120879120879121,12,176
exp41a_ru_ad168938883380b309259f6c,0.7096774193548387,7,213
exp41a_ru_ad6df37e6c489bf0226db25e,0.9418604651162791,5,210
exp41a_ru_ad8c6f1c630e8c59b5b6a3de,0.6060606060606061,10,244
exp41a_ru_adbd78c77c7854dbb311d44e,0.696969696969697,11,255
exp41a_ru_add52dd8002e6bb845a34bf9,0.9166666666666666,10,225
exp41a_ru_ae4efe51e8aae3a9124f1d1c,0.8181818181818182,12,255
exp41a_ru_ae6bbee177a872ded7da34ba,0.8333333333333334,12,223
exp41a_ru_ae9d7110d0cb48d415b840fc,0.925531914893617,11,251
exp41a_ru_aec92ce3b6a6f65ecb0b3685,0.927536231884058,10,229
exp41a_ru_af49f6a2c9a6f7ad5618340f,0.9038461538461539,5,235
exp41a_ru_af4ceecd14bbc78c5c3ca6d8,0.935064935064935,5,255
exp41a_ru_af4d51f18eb0738439d67340,0.927536231884058,10,229
exp41a_ru_afb2393e6795916d0fff2ae6,0.8490566037735849,8,247
exp41a_ru_b005209b5400de73e99028f3,0.9418604651162791,12,194
exp41a_ru_b027f9cb1702b8197b6bd27b,0.8548387096774194,10,234
exp41a_ru_b02bd7ef2f122f5ed7a411f7,0.935064935064935,5,201
exp41a_ru_b03d5df4096e999c7f4a0615,0.9180327868852459,11,256
exp41a_ru_b05b32b77168eaa3ba98d999,0.620253164556962,8,169
exp41a_ru_b08926740c79545bed7409e0,0.9117647058823529,10,241
exp41a_ru_b0c6dba5589b3a9efe7d7826,0.7362637362637363,10,249
exp41a_ru_b0d068f2d93ae8eb407b848f,0.9056603773584906,9,247
exp41a_ru_b10dc186aee61b0a57582035,0.6060606060606061,10,225
exp41a_ru_b1387245389b4432e01d1992,0.9375,10,219
exp41a_ru_b17e4274c1dcb082133015ff,0.9206349206349206,12,249
exp41a_ru_b1c5cb3cecff3608740013d2,0.9032258064516129,10,231
exp41a_ru_b1c8ab99f2918ddd4d24a692,0.9117647058823529,10,234
exp41a_ru_b1d2506e9fd7acbeee51ada9,0.7362637362637363,10,249
exp41a_ru_b1ef760f621fc81149058276,0.925531914893617,11,238
exp41a_ru_b23d0182210b15f72f116abd,0.9180327868852459,11,232
exp41a_ru_b26cdab8af20c53c08e3547a,0.9206349206349206,12,249
exp41a_ru_b270e6cb4f3c7b13bdbe40dd,0.8372093023255814,12,197
exp41a_ru_b2a15dd73328b12b0fb90d69,0.7419354838709677,9,239
exp41a_ru_b2bb42df2199123c2fd76835,0.9038461538461539,5,250
exp41a_ru_b31a96c83dfbb3ec7564177c,0.7802197802197802,7,186
exp41a_ru_b3425a0c98410bd5a468173e,0.9180327868852459,11,231
exp41a_ru_b34845c2365301be361c0860,0.8051948051948052,5,243
exp41a_ru_b383a9a730721f0ee69659d3,0.8375,7,256
exp41a_ru_b386d82c74cdcc0ef969ded1,0.9180327868852459,11,235
exp41a_ru_b3bfbd73b3c1a6f6d3912aa4,0.9180327868852459,11,256
exp41a_ru_b3cabd2e34ebe98f322d5252,0.935064935064935,5,251
exp41a_ru_b4470780798b7983333042f5,0.7741935483870968,8,234
exp41a_ru_b54608899dc41aca5b183098,0.9418604651162791,5,203
exp41a_ru_b54bddb76ce43d2cbaa68194,0.7,9,217
exp41a_ru_b54cc558ab5dd8593b72823b,0.94,12,201
exp41a_ru_b6079aaa5af22f412f9467ca,0.6666666666666666,10,243
exp41a_ru_b682c1dcb5b7ed8a5e817dab,0.6060606060606061,10,225
exp41a_ru_b68960284eeaf17509532752,0.927536231884058,10,229
exp41a_ru_b710ea4e8d2728a45298b2a5,0.7802197802197802,7,188
exp41a_ru_b7d08aa1768c77ad4e126666,0.7,8,240
exp41a_ru_b867c76886d2b6dcb57d982f,0.9206349206349206,12,249
exp41a_ru_b868be6128b3270035b239c8,0.90625,8,235
exp41a_ru_b88a7d3aa3c4ba8fd405bd55,0.8181818181818182,12,255
exp41a_ru_b8bf819f5e249a91f862653f,0.7,8,235
exp41a_ru_b8d1888b475415f348185081,0.7727272727272727,12,227
exp41a_ru_ba13189952c90be52c6f0f48,0.6483516483516484,9,190
exp41a_ru_ba1786647011c206ad21ba52,0.9180327868852459,11,232
exp41a_ru_ba1bc0ae27f9b3486c94119c,0.9032258064516129,10,239
exp41a_ru_ba76f60b93d9cdc41dfa3430,0.927536231884058,10,228
exp41a_ru_bab58e18319985ccb1de536f,0.9206349206349206,12,249
exp41a_ru_bb2d61d6e372c16ae30cb74d,0.927536231884058,10,229
exp41a_ru_bb3beeccb9b8e50be588d3af,0.9361702127659575,11,186
exp41a_ru_bba5b26a0a17f9a7ab5c37f6,0.9166666666666666,10,228
exp41a_ru_bc0acfb98257708a51c9e787,0.8831168831168831,5,247
exp41a_ru_bc8ebc9c07a53657d21be55c,0.9361702127659575,11,253
exp41a_ru_bd13a8c6a95ba8d1f66a51ac,0.6811594202898551,12,249
exp41a_ru_bd3e1e95b70569fc0fba5e55,0.95,10,227
exp41a_ru_bd6d23dcb51aaba3e771c394,0.9230769230769231,12,246
exp41a_ru_bd99b8695de30eab3bca7955,0.8301886792452831,11,180
exp41a_ru_bea4780aa27d3dbe8a30c7cc,0.7,6,250
exp41a_ru_bed8015fdda1a48a685c0b94,0.925531914893617,11,251
exp41a_ru_bf8957993082d2e61557878d,0.9418604651162791,12,197
exp41a_ru_bfdcd906adbe66002acf519d,0.9038461538461539,5,250
exp41a_ru_c036d90f6c453e6a3836b158,0.9186046511627907,5,170
exp41a_ru_c0769a82c4ee717bea76bc5c,0.8372093023255814,12,240
exp41a_ru_c112cde81b153963684ee30e,0.8831168831168831,5,247
exp41a_ru_c1213a6ccf968630294d1acd,0.660377358490566,7,203
exp41a_ru_c122d2f3da2eec6c1b6fb37b,0.8301886792452831,11,177
exp41a_ru_c15093e774349b23b2a6bd5d,0.9038461538461539,5,235
exp41a_ru_c19f206f22af85b4d4584fff,0.8985507246376812,12,252
exp41a_ru_c1dab98b24579eb3811f03f1,0.9113924050632911,11,176
exp41a_ru_c1e118028c6897b0c32bc3ad,0.6086956521739131,11,240
exp41a_ru_c1ef7e1374dd35be7f7dace1,0.8985507246376812,12,251
exp41a_ru_c24081878f9ec7714a6de009,0.927536231884058,10,229
exp41a_ru_c25428e6f7f5afc827b0ebc8,0.9038461538461539,5,240
exp41a_ru_c297647d964c51594014b183,0.775,7,232
exp41a_ru_c324b3c413d9228148741468,0.9206349206349206,12,249
exp41a_ru_c32e15241729fbe507217bcc,0.8571428571428571,10,178
exp41a_ru_c3947db071c9ae45fbd2464b,0.9206349206349206,12,249
exp41a_ru_c3b6cea4539755dbde74342b,0.9444444444444444,10,209
exp41a_ru_c43492401990db0658bda5de,0.9180327868852459,11,232
exp41a_ru_c44c21f007141db10afcbca2,0.9230769230769231,12,246
exp41a_ru_c496d53c2e7dc472b2f46308,0.8791208791208791,12,184
exp41a_ru_c4bb8fe9154ae7cb3f79fbb2,0.927536231884058,10,227
exp41a_ru_c4deb2739906025a31a29fa8,0.9367088607594937,10,194
exp41a_ru_c4e4f9ae99f4e85f6c16ef14,0.9361702127659575,11,253
exp41a_ru_c4f0df9847d5dff356c6294d,0.9038461538461539,5,240
exp41a_ru_c5415106af74ee092d705132,0.8372093023255814,12,243
exp41a_ru_c557b8867881b6662ee31184,0.7362637362637363,10,190
exp41a_ru_c5f9a94bf4bdd67ca607ab04,0.8831168831168831,5,190
exp41a_ru_c60c5f720e7aaaacbfceb23d,0.90625,8,235
exp41a_ru_c61559c0ab95811d3b571fc3,0.7875,8,194
exp41a_ru_c618207139d05095ed9f02af,0.8985507246376812,12,237
exp41a_ru_c644ee340b40002b1079c1a4,0.9361702127659575,11,246
exp41a_ru_c658076e3a9bbc6c5fb16e92,0.9484536082474226,8,251
exp41a_ru_c761ee9757db07f81ba98044,0.9484536082474226,8,250
exp41a_ru_c789bd07562f34acdc785f58,0.9361702127659575,11,253
exp41a_ru_c7edc989103fee7b706ebfb9,0.935064935064935,5,201
exp41a_ru_c890e6ab73ea3ef0895e83e1,0.875,10,227
exp41a_ru_c91c9a32eff1f3be2b40c0f2,0.925531914893617,12,196
exp41a_ru_c93e561a1c7c19cb4c563278,0.9444444444444444,10,204
exp41a_ru_c9a4ca25030a6c51304e0518,0.9230769230769231,12,247
exp41a_ru_c9d07caa33649c8ea1158c5e,0.696969696969697,11,236
exp41a_ru_ca005e1d3a2f4323a2a3e98d,0.9038461538461539,5,241
exp41a_ru_ca3ce4bdad2d7d2e91b068b1,0.9166666666666666,10,228
exp41a_ru_ca868dee4ba8d98ebbe866d4,0.9444444444444444,10,213
exp41a_ru_ca89846c0f34948f95a5e4aa,0.94,12,247
exp41a_ru_cb28e47c7999b8aba92675f4,0.872093023255814,12,252
exp41a_ru_cb5ab6b4a92c7072bded3b39,0.90625,8,236
exp41a_ru_cbfe38662af0e3a48689d076,0.925531914893617,12,197
exp41a_ru_cc4ec1f0afaf032e2627ba1a,0.7790697674418605,12,202
exp41a_ru_ccb40155f6329d7c31794357,0.7924528301886793,7,218
exp41a_ru_ccbc88b1c813fc609a43ea8f,0.9038461538461539,5,245
exp41a_ru_ccd6d9bbea884d37edf841ac,0.9038461538461539,5,246
exp41a_ru_cd3a757d8e82006c0465c259,0.9180327868852459,11,232
exp41a_ru_cd67e531773befdf89f91dd3,0.7362637362637363,10,249
exp41a_ru_cd6c31a98bfd67a3d377a3ca,0.95,10,255
exp41a_ru_cdae9bb3a91616f083113fa3,0.7,8,253
exp41a_ru_cdccdb4de83ef65e377ddcfb,0.7096774193548387,10,243
exp41a_ru_ce3072c077cd69c267e676e9,0.927536231884058,10,229
exp41a_ru_ce7ecb9d0e62c6ecda5216fc,0.9186046511627907,5,192
exp41a_ru_ce82273a115c297931ccfd4b,0.9230769230769231,12,248
exp41a_ru_ce8736499ffc40309eb913bf,0.8787878787878788,12,191
exp41a_ru_cf34b23823d498814e28e766,0.9375,10,214
exp41a_ru_cf57032b41ff90c28498173e,0.925,10,188
exp41a_ru_cff1bfd13511d73e5c4e22b0,0.6818181818181818,11,234
exp41a_ru_d070c0fcee1ff3c96deba735,0.8985507246376812,12,251
exp41a_ru_d0f0ef3ee65178d6b0bda84e,0.813953488372093,12,189
exp41a_ru_d101403417e6b3b0ea02d2eb,0.9056603773584906,6,215
exp41a_ru_d14b96481a9f4827d8dfd973,0.935064935064935,5,203
exp41a_ru_d18bb4f3254e10926cd10c44,0.6515151515151515,10,225
exp41a_ru_d214d075bd336d55f995e87b,0.9230769230769231,12,247
exp41a_ru_d2775f27ac00c3405e5c468e,0.927536231884058,10,229
exp41a_ru_d27916f790fb58f7bebf7094,0.9032258064516129,12,229
exp41a_ru_d2a7733b53bc6f99eb7d364c,0.6060606060606061,10,223
exp41a_ru_d2e23644becc0e313ec02ca0,0.9375,10,204
exp41a_ru_d31d52957d50c9d7967ca342,0.8181818181818182,12,255
exp41a_ru_d36f53c909873dd84763f703,0.7659574468085106,12,221
exp41a_ru_d38d7f5558e91fe2f1588260,0.8985507246376812,12,246
exp41a_ru_d3b4a159910929cbb83e36bf,0.8571428571428571,10,178
exp41a_ru_d4243d12b536c5101e77083a,0.9230769230769231,12,247
exp41a_ru_d4311f70702fb3d909400ea7,0.9230769230769231,12,248
exp41a_ru_d4405fe9570d8167c674fe98,0.9166666666666666,10,228
exp41a_ru_d4b8e735ba728a0c3475bb36,0.8372093023255814,12,208
exp41a_ru_d4c208f39e8a5b5c8a4e464d,0.9230769230769231,12,246
exp41a_ru_d4cfbb768fe7a3bc92a2e0b1,0.9375,12,202
exp41a_ru_d533c4c0b8712f5672eb5d93,0.8255813953488372,12,202
exp41a_ru_d553c8b5fd74141ab0a092ab,0.9361702127659575,11,253
exp41a_ru_d56a607fc73b76d8aab91a20,0.9056603773584906,9,247
exp41a_ru_d56e8d8a61618f3d90eb5d65,0.9375,10,205
exp41a_ru_d57922d6adce64d4aea8e3f6,0.9056603773584906,6,218
exp41a_ru_d58b5b99ab91a91a3f9b91be,0.9375,11,183
exp41a_ru_d5a99db3c4106c13d7399514,0.775,7,242
exp41a_ru_d5df9fd6e3dc628134baec88,0.9484536082474226,8,185
exp41a_ru_d623c95773cd09572cf15f44,0.8985507246376812,12,245
exp41a_ru_d62d022799c6de9c7ce4b0a5,0.7790697674418605,12,236
exp41a_ru_d64bb60e062f45bb63972318,0.8985507246376812,12,236
exp41a_ru_d6b41822e2c55c99bdfe632a,0.9117647058823529,11,237
exp41a_ru_d6c67222e6db73bb1b78555f,0.7,9,217
exp41a_ru_d6cbabe4f0313e9423e0c9b2,0.925531914893617,11,250
exp41a_ru_d6d86711d62cf99132312953,0.8823529411764706,10,240
exp41a_ru_d6e6b09ca089a94abc8414b1,0.925531914893617,11,254
exp41a_ru_d71259c4df2362683b3285dd,0.7362637362637363,10,255
exp41a_ru_d7257f038029b66f5b6ecbc5,0.8831168831168831,5,250
exp41a_ru_d76a242ee2b545d9adb3af2a,0.9418604651162791,12,190
exp41a_ru_d8ee3d44e703d8711198f638,0.7553191489361702,12,212
exp41a_ru_d8ff5461e79226681c585c62,0.9418604651162791,12,195
exp41a_ru_d927f211e785428854758209,0.825,12,191
exp41a_ru_d97cabf24f924fdd8c48fce1,0.7802197802197802,7,225
exp41a_ru_d9ae08af6c44261b381ca361,0.9484536082474226,8,253
exp41a_ru_d9cb3bbec4e0ff3b278d6bb5,0.7362637362637363,10,251
exp41a_ru_d9fad4d8c082825be717a98a,0.6976744186046512,11,230
exp41a_ru_da4ad092a82e18fb713c4898,0.927536231884058,10,229
exp41a_ru_daacb74460b09a720a072ad9,0.90625,8,236
exp41a_ru_dae6fd5f29104e0c12232175,0.9166666666666666,11,255
exp41a_ru_db1e6af10e61aa6c2e466423,0.6515151515151515,10,219
exp41a_ru_db48950d1d8577fd154e45b2,0.6329113924050633,9,254
exp41a_ru_db69cfea3ae6d59119e9f803,0.9166666666666666,10,228
exp41a_ru_dbc146434997c199755dc1ab,0.927536231884058,5,191
exp41a_ru_dbc2bab1ce12cc0771d6d078,0.9038461538461539,5,235
exp41a_ru_dc2789f96cdccecff06d661b,0.9113924050632911,11,176
exp41a_ru_dca5c9eac429ddc981267258,0.83,8,211
exp41a_ru_dcce677c786b027c2d174a15,0.825,12,191
exp41a_ru_dd537b7c2a7d366970083d11,0.9038461538461539,5,245
exp41a_ru_ddd781ee5b4649ba07570898,0.935064935064935,5,256
exp41a_ru_de3949a7ba5b9558133132d5,0.8679245283018868,8,250
exp41a_ru_de641422d4766fb3ab599a47,0.9206349206349206,12,249
exp41a_ru_de7d9869afbc2906fe47cebd,0.9367088607594937,11,194
exp41a_ru_df05adeb577afd4e29e5f9ad,0.9038461538461539,5,251
exp41a_ru_df56f505fb789a79e7a259be,0.927536231884058,10,229
exp41a_ru_df8c4ec4eae33f99851da8b9,0.9375,11,183
exp41a_ru_dfbbcf5efaa1ee6d837605e0,0.8860759493670886,12,196
exp41a_ru_dfd2856edf7b90d9eef07752,0.925531914893617,11,248
exp41a_ru_dfe9db8c4138008fcb9419ad,0.925531914893617,11,250
exp41a_ru_e06e3bae9e4697573539e7ea,0.8255813953488372,12,209
exp41a_ru_e07df276973267fe4f31f8b4,0.6612903225806451,7,206
exp41a_ru_e0896ecc966ac288c5f88bb9,0.7906976744186046,12,193
exp41a_ru_e0c6f4acf57c607de76ff3da,0.9117647058823529,10,237
exp41a_ru_e0e587d0c61a3ae88d7bc8e4,0.8831168831168831,5,250
exp41a_ru_e0ece2b4e7836684e22c87ce,0.90625,8,236
exp41a_ru_e1eabf31996afd533b1a4b6b,0.935064935064935,5,256
exp41a_ru_e202beb4de2aecc216f93980,0.925531914893617,11,256
exp41a_ru_e21b18389c5aa5d9ca6d82b5,0.813953488372093,12,252
exp41a_ru_e28b838042d3b4bd8bd863f6,0.6612903225806451,7,206
exp41a_ru_e297607b20d4019d1e61c237,0.9361702127659575,11,247
exp41a_ru_e31987edd96cada97e9fb55b,0.9206349206349206,12,249
exp41a_ru_e334f94b5366d37a09fb8365,0.9230769230769231,12,247
exp41a_ru_e38efa1a88887135b8358ab6,0.9038461538461539,5,242
exp41a_ru_e3e539023bed04bb45e87746,0.94,12,252
exp41a_ru_e4dd606e30cd94ce4f9cbe20,0.825,12,191
exp41a_ru_e501d69de85c986f5bec3636,0.9652777777777778,5,148
exp41a_ru_e5696fe2e11298dbf73a9762,0.9381443298969072,8,253
exp41a_ru_e5bd4301a794ced3b61968ae,0.7790697674418605,12,255
exp41a_ru_e5c924d8ac5906ff6881e96f,0.8831168831168831,5,200
exp41a_ru_e601753b56a6ab71624102f4,0.775,7,240
exp41a_ru_e6152fc39f07c64a6b078dfe,0.9056603773584906,9,239
exp41a_ru_e624dd82472fa914eb192905,0.8831168831168831,5,252
exp41a_ru_e6f978edc951e12a0bd76944,0.90625,8,236
exp41a_ru_e721d6e883f786a56704b66f,0.9038461538461539,5,236
exp41a_ru_e72b264dcd7c75d3dda5ae84,0.7906976744186046,12,193
exp41a_ru_e733c62db4f0b06da0c4adcd,0.7903225806451613,12,187
exp41a_ru_e829bd04cbca8411b77d64fc,0.927536231884058,10,228
exp41a_ru_e82cda48f09f08b9e571e993,0.9166666666666666,10,225
exp41a_ru_e882308159591f4b49980b5a,0.9,9,180
exp41a_ru_e889bb3ec8739e9d6f247b2e,0.875,10,233
exp41a_ru_e8d5329707fc1a369729fb0c,0.927536231884058,10,229
exp41a_ru_e8d8de95b60dc540d0c679ee,0.6060606060606061,10,223
exp41a_ru_e8e7dcc9ad90b312dda4291a,0.8985507246376812,12,248
exp41a_ru_e8f3c6ff95ac212f2e34b45e,0.9240506329113924,11,193
exp41a_ru_e9023ca07656ac232c3658f6,0.6612903225806451,7,206
exp41a_ru_e92001336e6790df86e1651a,0.9242424242424242,5,220
exp41a_ru_e936bca40e68703e455b9df6,0.9038461538461539,5,245
exp41a_ru_e95c96d6a540200d4e2ed021,0.9038461538461539,5,249
exp41a_ru_e98a12f05fabe8f2d7ac032b,0.935064935064935,5,248
exp41a_ru_e9b045cca59bdd481483a2d7,0.94,11,211
exp41a_ru_e9bb83ea4bd3f2b3a5945d2c,0.825,10,255
exp41a_ru_e9ca427cf6786fb71230e015,0.8301886792452831,11,180
exp41a_ru_e9d1038a8cc17c8dedf646b7,0.9056603773584906,9,242
exp41a_ru_ea2beac0c1a71bd04b64d8b6,0.925531914893617,11,254
exp41a_ru_ea4ddba48593bd8935c6adc7,0.925531914893617,12,196
exp41a_ru_eadab765bed7d5ba5093a130,0.8405797101449275,10,240
exp41a_ru_eadb1a44cb10ef90dfbf911a,0.9484536082474226,8,255
exp41a_ru_eae0b0f1d915df812a4c8280,0.6811594202898551,12,249
exp41a_ru_eb32cecce1a73c956eb9020d,0.7096774193548387,7,206
exp41a_ru_eb70c46d5a30aad46d9b75cd,0.8831168831168831,5,245
exp41a_ru_ebc81c038bc8d8d7f412b1d1,0.8823529411764706,9,253
exp41a_ru_ebf4fe9aa71f3f96bfee8835,0.94,11,233
exp41a_ru_ebfea567336b951fcba59527,0.9180327868852459,11,235
exp41a_ru_ec41dbaf507a0e7ef7bdf534,0.935064935064935,5,256
exp41a_ru_ec5062784415c5c2414ba980,0.620253164556962,8,168
exp41a_ru_ec752423f223d1d5982e9b5b,0.9038461538461539,5,240
exp41a_ru_ec7b80bd29aae29d51ec0392,0.775,7,233
exp41a_ru_ed3202685542c8d3ff1806b0,0.9056603773584906,9,242
exp41a_ru_edf6dd25ee481489ccad8489,0.6075949367088608,8,254
exp41a_ru_ee07cf1db36ff895755115b1,0.8333333333333334,12,217
exp41a_ru_ee2bf022b9390681dcc796d6,0.9230769230769231,10,246
exp41a_ru_ee4b70339f646be961773c75,0.9038461538461539,5,250
exp41a_ru_ee4c52a65ab6f87fb4aea520,0.9444444444444444,10,209
exp41a_ru_eed40e4effb1a61d1e1ca27d,0.925531914893617,11,253
exp41a_ru_eefd06562ec0464cdb5e0647,0.8051948051948052,5,232
exp41a_ru_ef675b7623ac5ec1087f4a3f,0.9056603773584906,6,215
exp41a_ru_ef791b0ce09f64bbc43f6dd3,0.8297872340425532,12,194
exp41a_ru_ef82f013371d93a8a284e232,0.8372093023255814,12,217
exp41a_ru_efbf5441e0c14da173ff04f7,0.9180327868852459,11,256
exp41a_ru_efd0935e0347871a68d18b18,0.8734177215189873,11,168
exp41a_ru_efdf867a258f204fb3bf4602,0.9230769230769231,12,246
exp41a_ru_f0052a43b6f593b7583bf5e8,0.825,12,256
exp41a_ru_f0650998f23e7687109ece82,0.9166666666666666,10,228
exp41a_ru_f08dc5de17b5c51d077ee27b,0.7,9,223
exp41a_ru_f0f8c3a6a8f9a7d7f83fd693,0.9,10,180
exp41a_ru_f10f6284696546e7b2a451e0,0.9230769230769231,12,246
exp41a_ru_f1b64fb98e8cd006bb716574,0.7,9,220
exp41a_ru_f2f579205e0082f4baae44d5,0.94,11,238
exp41a_ru_f316ff39a7c2d8162db52564,0.9180327868852459,11,255
exp41a_ru_f331ded4f3cf4b46b85f1d26,0.9120879120879121,12,203
exp41a_ru_f38df336584f57e631ce4447,0.925531914893617,11,251
exp41a_ru_f3f5e80b8ce5c3c55d737a7e,0.9484536082474226,8,253
exp41a_ru_f42b56d5a10502f8a61dffbf,0.9361702127659575,11,245
exp41a_ru_f44311f68af7b088e9a5a15c,0.9230769230769231,12,246
exp41a_ru_f4b9975fcca6c10c1914db4f,0.90625,8,235
exp41a_ru_f4e77d15a6c4ac0b4abc98ac,0.925531914893617,11,248
exp41a_ru_f4ebfa08860e94157f5270b9,0.6060606060606061,10,238
exp41a_ru_f521d2b203db987b74edb599,0.9056603773584906,9,247
exp41a_ru_f5713d9c063601c779ba90b9,0.9240506329113924,11,193
exp41a_ru_f5d1ff00d6b0c610655c6a41,0.8333333333333334,12,250
exp41a_ru_f63ef7913e927637d86cc492,0.9038461538461539,5,245
exp41a_ru_f67e1afe4f5dd35ce7bc32e5,0.8181818181818182,12,255
exp41a_ru_f68c082ddb576b5deb7658a6,0.9038461538461539,5,240
exp41a_ru_f714a941e23080bd01e30def,0.660377358490566,7,206
exp41a_ru_f7a244f915aa3544456a4225,0.9418604651162791,5,206
exp41a_ru_f7ddf69b1208d20bdd7d69db,0.9056603773584906,9,247
exp41a_ru_f84e724210fe8e61fd54c706,0.6376811594202898,12,190
exp41a_ru_f85992f7a3088cd3c2e911e8,0.9361702127659575,11,253
exp41a_ru_f85e9732cbe04fc65d6ccbc5,0.9038461538461539,5,251
exp41a_ru_f861383169932152fa8e364b,0.9180327868852459,11,256
exp41a_ru_f86d0f83a38b42207680b466,0.7580645161290323,7,205
exp41a_ru_f8840d6a7b824e0be35efb8b,0.8051948051948052,5,240
exp41a_ru_f885d2f6eb98f85946dd3986,0.9056603773584906,6,215
exp41a_ru_f89405eb711b9c759159054c,0.7341772151898734,8,168
exp41a_ru_f8d16d70f3e65eb915de8024,0.9113924050632911,11,193
exp41a_ru_f8e726719ce44b91e53aaaf2,0.6060606060606061,10,223
exp41a_ru_f8f4857def6c4f3a7e67ed6d,0.9340659340659341,5,216
exp41a_ru_f8f97f3f780b7bbf8ae9c79c,0.825,10,188
exp41a_ru_f90df7b8446e1ed58b89a64f,0.9375,11,199
exp41a_ru_f96ee9eaeedef6bc49b32eab,0.9240506329113924,8,196
exp41a_ru_f9a9008d15dbc0bf9a823b64,0.925,10,180
exp41a_ru_f9c24f29b27920ca5e6a912b,0.8823529411764706,9,254
exp41a_ru_fa0e788382e8c9a513a2e77d,0.875,10,227
exp41a_ru_fa14b0faf659139f6d3dcd87,0.8823529411764706,10,240
exp41a_ru_fa47a3101e9e74010df46b78,0.782608695652174,12,192
exp41a_ru_fa5c8ab075bec90fae1a3990,0.8985507246376812,12,247
exp41a_ru_fa623bb3d0a5e15a34b76c48,0.9180327868852459,11,250
exp41a_ru_fa7d436a1672b2c4e18e9bee,0.925531914893617,12,196
exp41a_ru_faa20cce85ef2586ff05ed5a,0.775,7,250
exp41a_ru_faa806093df460564c2b5f92,0.925531914893617,12,197
exp41a_ru_fad3839e6fde49ecbd2f7c3e,0.8985507246376812,12,251
exp41a_ru_faddf4a5ef45e4e614666ad4,0.925531914893617,11,251
exp41a_ru_fafa04dd3f82dc8a7fe09f2b,0.6515151515151515,11,245
exp41a_ru_fb0a0d725bfd2e0a5ebb3825,0.9038461538461539,5,240
exp41a_ru_fb65dcc1f7476ef37d52b267,0.9361702127659575,11,253
exp41a_ru_fb896536a40cb8bc5915d603,0.9242424242424242,10,204
exp41a_ru_fb8ef233ea5c8c854738fbec,0.9230769230769231,12,248
exp41a_ru_fbe9f7016bceb44637bc6c5d,0.7362637362637363,10,249
exp41a_ru_fc50c810ba4ca49f9bbcb248,0.9444444444444444,10,209
exp41a_ru_fc7f84ac6d9bb51d96b2ff76,0.927536231884058,10,229
exp41a_ru_fc99ab9c64da0f768c2a2fb8,0.7790697674418605,12,247
exp41a_ru_fccd03920a232b06ec90472f,0.8936170212765957,11,241
exp41a_ru_fd1538f6090905fc4ae25c29,0.94,11,187
exp41a_ru_fd2ea22d46b7f5af32cff0d3,0.7,10,245
exp41a_ru_fd4527874c9ef4ca19fb5773,0.8734177215189873,11,168
exp41a_ru_fd51ea17bd61ec499167b8af,0.9206349206349206,12,249
exp41a_ru_fdb5594e2ae47ef636c16e22,0.6086956521739131,12,255
exp41a_ru_fddaad65a881ee56a14c47b1,0.8051948051948052,5,247
exp41a_ru_fde2f278fe1c810787960d01,0.813953488372093,12,250
exp41a_ru_fe542ddeb880fbbd9efa2572,0.94,11,250
exp41a_ru_fe5a7b9bd6d3dfa840fa66ee,0.7802197802197802,7,221
exp41a_ru_fe818ce0f3515405c365fc70,0.9444444444444444,10,204
exp41a_ru_fea009ea26b025a989829050,0.9056603773584906,6,220
exp41a_ru_fee083e99b81feefdffa663c,0.775,7,244
exp41a_ru_fef137853b02a30ff279e38e,0.8125,7,254
exp41a_ru_ff7d38bdb3339087288b731c,0.9375,12,199
exp41a_ru_ffd47d3fd731104cb9b23369,0.925531914893617,12,197
