variant,seed,fold,contrastive_anchors,contrastive_far_margin_violation,contrastive_mean_far_similarity,contrastive_mean_near_similarity,contrastive_mean_positive_similarity,contrastive_near_margin_violation,contrastive_triplet_accuracy,epoch,global_step,learning_rate,point_batches,train_contrastive,train_distribution,train_loss,train_ordinal
C0_E4_baseline,42,0,0,0.0,0.0,0.0,0.0,0.0,0.0,1,17,1.9848077530122083e-05,528,0.0,1.6334418100163792,1.6969140602106398,0.1269444959153506
C0_E4_baseline,42,0,0,0.0,0.0,0.0,0.0,0.0,0.0,2,34,1.8755582313020912e-05,528,0.0,0.9548162049190565,0.9823225384973215,0.05501266809402627
C0_E4_baseline,42,0,0,0.0,0.0,0.0,0.0,0.0,0.0,3,51,1.6720078605555227e-05,528,0.0,0.8289805861246405,0.8500319100126172,0.042102649382837684
C0_E4_baseline,42,0,0,0.0,0.0,0.0,0.0,0.0,0.0,4,68,1.396079766039157e-05,528,0.0,0.7181799220781999,0.7331183346863271,0.029876826444458195
C0_E4_baseline,42,0,0,0.0,0.0,0.0,0.0,0.0,0.0,5,85,1.077492420671931e-05,528,0.0,0.6304070626695951,0.6412794091668206,0.021744695931953505
C0_E4_baseline,42,0,0,0.0,0.0,0.0,0.0,0.0,0.0,6,102,7.505588559420188e-06,528,0.0,0.5663458884792458,0.5745298246937719,0.016367873241919864
C0_E4_baseline,42,0,0,0.0,0.0,0.0,0.0,0.0,0.0,7,119,4.504910219291941e-06,528,0.0,0.4952701461116896,0.500317517544538,0.010094742182276963
C0_E4_baseline,42,0,0,0.0,0.0,0.0,0.0,0.0,0.0,8,136,2.0960733048124082e-06,528,0.0,0.4353100532409206,0.4378259702233746,0.00503183221030323
C0_E4_baseline,42,0,0,0.0,0.0,0.0,0.0,0.0,0.0,9,153,5.385184312424973e-07,528,0.0,0.4019804953167102,0.40326475953439844,0.0025685284926832233
C0_E4_baseline,42,0,0,0.0,0.0,0.0,0.0,0.0,0.0,10,170,0.0,528,0.0,0.3842030368343165,0.3847407071232076,0.001075341122199307
C0_E4_baseline,42,1,0,0.0,0.0,0.0,0.0,0.0,0.0,1,17,1.9848077530122083e-05,540,0.0,1.5893241289037245,1.6525656979944972,0.1264831431865416
C0_E4_baseline,42,1,0,0.0,0.0,0.0,0.0,0.0,0.0,2,34,1.8755582313020912e-05,540,0.0,0.9203576085468134,0.946289601839251,0.05186398385687628
C0_E4_baseline,42,1,0,0.0,0.0,0.0,0.0,0.0,0.0,3,51,1.6720078605555227e-05,540,0.0,0.7691283204903205,0.786487716132844,0.03471879187057278
C0_E4_baseline,42,1,0,0.0,0.0,0.0,0.0,0.0,0.0,4,68,1.396079766039157e-05,540,0.0,0.6610194900107604,0.673277407594853,0.024515834800668355
C0_E4_baseline,42,1,0,0.0,0.0,0.0,0.0,0.0,0.0,5,85,1.077492420671931e-05,540,0.0,0.5879983331973629,0.5969935403895323,0.017990415253977213
C0_E4_baseline,42,1,0,0.0,0.0,0.0,0.0,0.0,0.0,6,102,7.505588559420188e-06,540,0.0,0.524651051071231,0.5308757784396961,0.012449457440069872
C0_E4_baseline,42,1,0,0.0,0.0,0.0,0.0,0.0,0.0,7,119,4.504910219291941e-06,540,0.0,0.4604624261907129,0.46406721859756445,0.007209585087683216
C0_E4_baseline,42,1,0,0.0,0.0,0.0,0.0,0.0,0.0,8,136,2.0960733048124082e-06,540,0.0,0.41103394651199104,0.41270819946140463,0.0033485061270901633
C0_E4_baseline,42,1,0,0.0,0.0,0.0,0.0,0.0,0.0,9,153,5.385184312424973e-07,540,0.0,0.38978991565656745,0.3907573814271018,0.0019349305369797986
C0_E4_baseline,42,1,0,0.0,0.0,0.0,0.0,0.0,0.0,10,170,0.0,540,0.0,0.3752841733534027,0.37573367236677935,0.0008989974585767237
C0_E4_baseline,42,2,0,0.0,0.0,0.0,0.0,0.0,0.0,1,17,1.9848077530122083e-05,524,0.0,1.6195257662134317,1.6845874424654108,0.13012336414549072
C0_E4_baseline,42,2,0,0.0,0.0,0.0,0.0,0.0,0.0,2,34,1.8755582313020912e-05,524,0.0,0.9308255792289745,0.9569849041183941,0.05231865097387367
C0_E4_baseline,42,2,0,0.0,0.0,0.0,0.0,0.0,0.0,3,51,1.6720078605555227e-05,524,0.0,0.7894195430691688,0.8083821745404532,0.03792526167666341
C0_E4_baseline,42,2,0,0.0,0.0,0.0,0.0,0.0,0.0,4,68,1.396079766039157e-05,524,0.0,0.6674487702548504,0.680290135675828,0.02568272933855347
C0_E4_baseline,42,2,0,0.0,0.0,0.0,0.0,0.0,0.0,5,85,1.077492420671931e-05,524,0.0,0.5738958871909169,0.5824443737528365,0.017096974312097637
C0_E4_baseline,42,2,0,0.0,0.0,0.0,0.0,0.0,0.0,6,102,7.505588559420188e-06,524,0.0,0.5062285355267377,0.5117703804991542,0.011083688208600506
C0_E4_baseline,42,2,0,0.0,0.0,0.0,0.0,0.0,0.0,7,119,4.504910219291941e-06,524,0.0,0.4526157680621641,0.45597669429977544,0.006721852673631439
C0_E4_baseline,42,2,0,0.0,0.0,0.0,0.0,0.0,0.0,8,136,2.0960733048124082e-06,524,0.0,0.40900118221912735,0.4106670665725326,0.003331771324745982
C0_E4_baseline,42,2,0,0.0,0.0,0.0,0.0,0.0,0.0,9,153,5.385184312424973e-07,524,0.0,0.3876492833391628,0.3886247498715538,0.0019509326371337553
C0_E4_baseline,42,2,0,0.0,0.0,0.0,0.0,0.0,0.0,10,170,0.0,524,0.0,0.3732432784629943,0.37367189152322655,0.0008572261457306957
C0_E4_baseline,42,3,0,0.0,0.0,0.0,0.0,0.0,0.0,1,17,1.9848077530122083e-05,522,0.0,1.605261728395904,1.6680111657842365,0.125498864276092
C0_E4_baseline,42,3,0,0.0,0.0,0.0,0.0,0.0,0.0,2,34,1.8755582313020912e-05,522,0.0,0.9024050599142509,0.9270712506040303,0.04933238185369463
C0_E4_baseline,42,3,0,0.0,0.0,0.0,0.0,0.0,0.0,3,51,1.6720078605555227e-05,522,0.0,0.8036223236913882,0.8226061936796168,0.037967739365388324
C0_E4_baseline,42,3,0,0.0,0.0,0.0,0.0,0.0,0.0,4,68,1.396079766039157e-05,522,0.0,0.6879196156858256,0.7016618639459098,0.027484495192877698
C0_E4_baseline,42,3,0,0.0,0.0,0.0,0.0,0.0,0.0,5,85,1.077492420671931e-05,522,0.0,0.5868503770209363,0.5956633300788101,0.01762590660337605
C0_E4_baseline,42,3,0,0.0,0.0,0.0,0.0,0.0,0.0,6,102,7.505588559420188e-06,522,0.0,0.525832357976971,0.5321350018511672,0.012605286452491496
C0_E4_baseline,42,3,0,0.0,0.0,0.0,0.0,0.0,0.0,7,119,4.504910219291941e-06,522,0.0,0.45963896997094555,0.46283261859932223,0.006387296422901788
C0_E4_baseline,42,3,0,0.0,0.0,0.0,0.0,0.0,0.0,8,136,2.0960733048124082e-06,522,0.0,0.4122049685110877,0.4138593549538632,0.0033087739264189564
C0_E4_baseline,42,3,0,0.0,0.0,0.0,0.0,0.0,0.0,9,153,5.385184312424973e-07,522,0.0,0.3934081595598888,0.39445773886527397,0.0020991577178547686
C0_E4_baseline,42,3,0,0.0,0.0,0.0,0.0,0.0,0.0,10,170,0.0,522,0.0,0.37806983535415295,0.37852246212412627,0.0009052535404318677
C0_E4_baseline,42,4,0,0.0,0.0,0.0,0.0,0.0,0.0,1,17,1.9848077530122083e-05,541,0.0,1.6181285717901592,1.682427308971472,0.12859746651007845
C0_E4_baseline,42,4,0,0.0,0.0,0.0,0.0,0.0,0.0,2,34,1.8755582313020912e-05,541,0.0,0.9437710080922421,0.970542630129072,0.05354324268033408
C0_E4_baseline,42,4,0,0.0,0.0,0.0,0.0,0.0,0.0,3,51,1.6720078605555227e-05,541,0.0,0.7996978353220081,0.8188945662485033,0.03839346390779607
C0_E4_baseline,42,4,0,0.0,0.0,0.0,0.0,0.0,0.0,4,68,1.396079766039157e-05,541,0.0,0.7089548373178282,0.723392813970884,0.0288759533422091
C0_E4_baseline,42,4,0,0.0,0.0,0.0,0.0,0.0,0.0,5,85,1.077492420671931e-05,541,0.0,0.6104966418235778,0.620265058150546,0.0195368324974427
C0_E4_baseline,42,4,0,0.0,0.0,0.0,0.0,0.0,0.0,6,102,7.505588559420188e-06,541,0.0,0.5199858282801184,0.5259370395497122,0.01190242331285979
C0_E4_baseline,42,4,0,0.0,0.0,0.0,0.0,0.0,0.0,7,119,4.504910219291941e-06,541,0.0,0.46258923182584166,0.4663762676610496,0.007574070596992746
C0_E4_baseline,42,4,0,0.0,0.0,0.0,0.0,0.0,0.0,8,136,2.0960733048124082e-06,541,0.0,0.41953297286568114,0.42144650496007074,0.0038270627520687445
C0_E4_baseline,42,4,0,0.0,0.0,0.0,0.0,0.0,0.0,9,153,5.385184312424973e-07,541,0.0,0.3915279856289078,0.3923724967704022,0.001689021746656828
C0_E4_baseline,42,4,0,0.0,0.0,0.0,0.0,0.0,0.0,10,170,0.0,541,0.0,0.37822085097707575,0.37866754285937826,0.0008933837968177112
C1_balanced_plain_contrastive,42,0,180,0.5055555555555555,0.7769744006295999,0.7671857080525822,0.7737434941861364,0.5277777777777778,0.3055555555555556,1,17,1.9848077530122083e-05,528,0.526590054233869,1.631857143997243,1.7479265390923528,0.12682078905036728
C1_balanced_plain_contrastive,42,0,180,0.4,0.9329854634073046,0.9445130970742968,0.9479470716582404,0.5,0.35555555555555557,2,34,1.8755582313020912e-05,528,0.37042300109610415,0.9418759827756069,1.0058541198007085,0.05387167441155973
C1_balanced_plain_contrastive,42,0,180,0.16666666666666666,0.7279778992964162,0.8789013644059499,0.8949204282628165,0.4166666666666667,0.5277777777777778,3,51,1.6720078605555227e-05,528,0.31549016073007474,0.8125144372355532,0.8643831582739949,0.040639406276485796
C1_balanced_plain_contrastive,42,0,180,0.07777777777777778,0.6016799914443658,0.826050362487634,0.8698195457458496,0.3333333333333333,0.6166666666666667,4,68,1.396079766039157e-05,528,0.26185204860733147,0.7077639034074364,0.7482080404844248,0.02851786504139785
C1_balanced_plain_contrastive,42,0,180,0.016666666666666666,0.4146618534707361,0.7644683789875772,0.867976196275817,0.2388888888888889,0.7555555555555555,5,85,1.077492420671931e-05,528,0.1796829128597341,0.6012454407649453,0.6287504818015308,0.019073499281479268
C1_balanced_plain_contrastive,42,0,180,0.011111111111111112,0.2122089541827639,0.6458114341729218,0.8158073690202501,0.15,0.8388888888888889,6,102,7.505588559420188e-06,528,0.1498740789538715,0.5477025230083559,0.5699368435289767,0.014493825407608903
C1_balanced_plain_contrastive,42,0,180,0.005555555555555556,0.15658501437347797,0.630461086332798,0.84245242940055,0.10555555555555556,0.8888888888888888,7,119,4.504910219291941e-06,528,0.0977765459317721,0.4825111426056758,0.496897194416361,0.009216794492596653
C1_balanced_plain_contrastive,42,0,180,0.005555555555555556,0.02887074009825786,0.5071752093318436,0.8206045927272902,0.03888888888888889,0.9611111111111111,8,136,2.0960733048124082e-06,528,0.05846320306497518,0.42551614808193833,0.43350151724051544,0.0042780962094287715
C1_balanced_plain_contrastive,42,0,180,0.0,-0.03728780068146686,0.44957520158754455,0.8068140849471093,0.027777777777777776,0.9722222222222222,9,153,5.385184312424973e-07,528,0.043224942226901694,0.3949737901478357,0.40030313013774116,0.0020136930403447714
C1_balanced_plain_contrastive,42,0,180,0.0,-0.09099244281339149,0.3935889126525985,0.8174377868572871,0.005555555555555556,0.9944444444444445,10,170,0.0,528,0.022692335581186027,0.38007340553325997,0.38279429334039433,0.0009033071692711002
C1_balanced_plain_contrastive,42,1,189,0.5238095238095238,0.8023282186221824,0.7834835514505073,0.7768112605526334,0.5185185185185185,0.328042328042328,1,17,1.9848077530122083e-05,540,0.5640885655996735,1.5934483506613308,1.713104968711182,0.12649552605580539
C1_balanced_plain_contrastive,42,1,189,0.3439153439153439,0.926273817738528,0.9431074668490698,0.9453957894491771,0.5026455026455027,0.42857142857142855,2,34,1.8755582313020912e-05,540,0.37272537703867314,0.8955792249904738,0.9573093401061163,0.048915155335432954
C1_balanced_plain_contrastive,42,1,189,0.13756613756613756,0.7078038092958864,0.8410836373056684,0.8690004232068541,0.36507936507936506,0.5925925925925926,3,51,1.6720078605555227e-05,540,0.30352158804113666,0.7389907876926439,0.7853904917560242,0.032095089106372106
C1_balanced_plain_contrastive,42,1,189,0.05291005291005291,0.536883329016664,0.7888917574491451,0.8519192303299273,0.2804232804232804,0.6878306878306878,4,68,1.396079766039157e-05,540,0.22632467635320844,0.6447280016900213,0.6787589062419203,0.022796871870296956
C1_balanced_plain_contrastive,42,1,189,0.015873015873015872,0.2882530726098194,0.7005483341358957,0.8298547051886402,0.20634920634920634,0.783068783068783,5,85,1.077492420671931e-05,540,0.18531133896992993,0.5762442164467992,0.6034901184702499,0.017429535944271872
C1_balanced_plain_contrastive,42,1,189,0.021164021164021163,0.19888670422215626,0.666459898942362,0.8328601065136138,0.10582010582010581,0.8835978835978836,6,102,7.505588559420188e-06,540,0.12221087490389537,0.5030974378395412,0.5208056149969774,0.010974181023683976
C1_balanced_plain_contrastive,42,1,189,0.005291005291005291,0.048610893221049715,0.5538156379073386,0.8056121236748166,0.09523809523809523,0.9047619047619048,7,119,4.504910219291941e-06,540,0.0861233306585173,0.44959889741062564,0.46150308318815575,0.006583706077823014
C1_balanced_plain_contrastive,42,1,189,0.0,-0.03332842696241285,0.5263842842960483,0.8088725991350002,0.07407407407407407,0.9259259259259259,8,136,2.0960733048124082e-06,540,0.06371154168451472,0.4135687708492494,0.4217468595817789,0.0036138682719371006
C1_balanced_plain_contrastive,42,1,189,0.0,-0.1386872441828172,0.46498703412593356,0.8023681069808032,0.026455026455026454,0.9735449735449735,9,153,5.385184312424973e-07,540,0.04418720324229745,0.3862973738030565,0.39158488334053093,0.001737577753076399
C1_balanced_plain_contrastive,42,1,189,0.0,-0.16210280882845085,0.4737153464445361,0.8005839176278896,0.015873015873015872,0.9841269841269841,10,170,0.0,540,0.041322017716205056,0.3737947691378563,0.3783475757684317,0.0008412109506505456
C1_balanced_plain_contrastive,42,2,183,0.44808743169398907,0.7825493571536789,0.759579562668592,0.7881718514884104,0.44808743169398907,0.3551912568306011,1,17,1.9848077530122083e-05,524,0.5105070978801214,1.6174538291933882,1.7334749206104352,0.12994076894286963
C1_balanced_plain_contrastive,42,2,183,0.3989071038251366,0.9072184663652723,0.9221476603075455,0.9304879822366224,0.3879781420765027,0.46994535519125685,2,34,1.8755582313020912e-05,524,0.37126136605293697,0.9401410619891782,1.0040818211970894,0.05362924921036634
C1_balanced_plain_contrastive,42,2,183,0.16939890710382513,0.695788298616481,0.8317706661471904,0.8750028046753888,0.366120218579235,0.546448087431694,3,51,1.6720078605555227e-05,524,0.3068517035527425,0.7640704751469707,0.8124041647173976,0.03529703887794895
C1_balanced_plain_contrastive,42,2,183,0.04371584699453552,0.5681499778980115,0.8199947868865696,0.8791117247987966,0.28415300546448086,0.7103825136612022,4,68,1.396079766039157e-05,524,0.22678815274595332,0.665916317931682,0.7011521317292261,0.025113996420231585
C1_balanced_plain_contrastive,42,2,183,0.0273224043715847,0.37537729889765137,0.7426585196797314,0.8431813189240752,0.2568306010928962,0.7377049180327869,5,85,1.077492420671931e-05,524,0.18785433615033537,0.5879456934853251,0.6158577938073577,0.018253330180573877
C1_balanced_plain_contrastive,42,2,183,0.01092896174863388,0.29852804010275935,0.6749835134041114,0.825873496102505,0.1912568306010929,0.7978142076502732,6,102,7.505588559420188e-06,524,0.15204403161663094,0.5261034129208793,0.5475995816567643,0.012583531710271288
C1_balanced_plain_contrastive,42,2,183,0.0,0.19612030253384283,0.6355618800296158,0.8276406832731487,0.09289617486338798,0.907103825136612,7,119,4.504910219291941e-06,524,0.09492969461485658,0.46208066422712657,0.4752154561765634,0.0072836435371498335
C1_balanced_plain_contrastive,42,2,183,0.0,0.005084589561396609,0.5196128058262536,0.7881691586124441,0.060109289617486336,0.9398907103825137,8,136,2.0960733048124082e-06,524,0.0699042117645038,0.41477448931710353,0.42355436570800215,0.003578910853956107
C1_balanced_plain_contrastive,42,2,183,0.0,-0.03625047865420417,0.46935688956676286,0.7965665290264484,0.01092896174863388,0.9890710382513661,9,153,5.385184312424973e-07,524,0.03779686943466601,0.38723825734243766,0.3919509273317451,0.0018659653271246332
C1_balanced_plain_contrastive,42,2,183,0.0,-0.06606426984682436,0.43421609569442726,0.7856095014699821,0.01639344262295082,0.9836065573770492,10,170,0.0,524,0.03601190973814614,0.3720708715903594,0.3760729317450256,0.0008017376732444945
C1_balanced_plain_contrastive,42,3,168,0.4880952380952381,0.7459047560890516,0.7236802725210076,0.7317549024841615,0.47619047619047616,0.3333333333333333,1,17,1.9848077530122083e-05,522,0.5102281019170108,1.6035692934446408,1.7172668998154643,0.12534958420596104
C1_balanced_plain_contrastive,42,3,168,0.4166666666666667,0.9114269990296591,0.9165496815528188,0.9214802794158459,0.47619047619047616,0.3869047619047619,2,34,1.8755582313020912e-05,522,0.36987901060802725,0.9063832794683646,0.9681628031863106,0.04958324267803709
C1_balanced_plain_contrastive,42,3,168,0.10119047619047619,0.8091960105867613,0.9004229207833608,0.9271329730039551,0.375,0.5773809523809523,3,51,1.6720078605555227e-05,522,0.2731439967950185,0.8004511826282716,0.846855800427582,0.038180430210998345
C1_balanced_plain_contrastive,42,3,168,0.06547619047619048,0.5758705783990168,0.8128741126330126,0.8796653809646765,0.24404761904761904,0.7380952380952381,4,68,1.396079766039157e-05,522,0.22499185446712236,0.6771278617853634,0.7127315697627734,0.02620904430723838
C1_balanced_plain_contrastive,42,3,168,0.017857142857142856,0.41939130266906605,0.7201731073714438,0.8337906084599949,0.20238095238095238,0.7976190476190477,5,85,1.077492420671931e-05,522,0.1733614237161917,0.5874705521882265,0.6137664810222684,0.01791957259668857
C1_balanced_plain_contrastive,42,3,168,0.005952380952380952,0.2801843129342333,0.6697636066847259,0.8178043768164658,0.1488095238095238,0.8452380952380952,6,102,7.505588559420188e-06,522,0.14041918842255768,0.5300208709962752,0.5507200104380704,0.013314442473692976
C1_balanced_plain_contrastive,42,3,168,0.005952380952380952,0.19243669576410735,0.5796355777420104,0.8028219959565571,0.10119047619047619,0.8928571428571429,7,119,4.504910219291941e-06,522,0.09312970425565174,0.4641294282043916,0.47698036941674704,0.007075939046876643
C1_balanced_plain_contrastive,42,3,168,0.0,0.09524938866074774,0.5149552482845527,0.7874705798569179,0.05357142857142857,0.9464285714285714,8,136,2.0960733048124082e-06,522,0.06277277251228604,0.41956074302213203,0.4277313150036402,0.0037865888599273806
C1_balanced_plain_contrastive,42,3,168,0.0,0.03750516910527256,0.454359023210903,0.7834240968028704,0.041666666666666664,0.9583333333333334,9,153,5.385184312424973e-07,522,0.04697569722960475,0.39386570112783303,0.39963087843600803,0.0021352137844097966
C1_balanced_plain_contrastive,42,3,168,0.0,0.004157520952590164,0.4318610161897682,0.7834784583676428,0.02976190476190476,0.9702380952380952,10,170,0.0,522,0.03554818772227357,0.3779387514881247,0.3819395947962343,0.0008920489266338981
C1_balanced_plain_contrastive,42,4,192,0.4791666666666667,0.7951445519768944,0.7681902558542788,0.7764698090031743,0.4635416666666667,0.3854166666666667,1,17,1.9848077530122083e-05,541,0.5385431519291207,1.620553590839319,1.738817862574142,0.12881990631030057
C1_balanced_plain_contrastive,42,4,192,0.3854166666666667,0.9390441421419382,0.940294472190241,0.9487696380044023,0.4322916666666667,0.4479166666666667,2,34,1.8755582313020912e-05,541,0.38455549697779023,0.9321135405361543,0.9968398500529984,0.05254151767495049
C1_balanced_plain_contrastive,42,4,192,0.15625,0.8031559941979746,0.8945124285916487,0.9067751383408904,0.375,0.5677083333333334,3,51,1.6720078605555227e-05,541,0.3267889056981381,0.7931809710982547,0.8449702034540846,0.03822068577802735
C1_balanced_plain_contrastive,42,4,192,0.06770833333333333,0.5006321443943307,0.7644211302200953,0.8294690970020989,0.3333333333333333,0.6510416666666666,4,68,1.396079766039157e-05,541,0.26582818948310866,0.6790779183813253,0.7188116854225421,0.02630189550087689
C1_balanced_plain_contrastive,42,4,192,0.020833333333333332,0.4327594162508224,0.7544471509754658,0.8458889834582806,0.24479166666666666,0.7552083333333334,5,85,1.077492420671931e-05,541,0.19688682275430028,0.5966315451740888,0.6254718739973198,0.01830329404696917
C1_balanced_plain_contrastive,42,4,192,0.020833333333333332,0.19349454498539367,0.6146507967884342,0.8057806449942291,0.16145833333333334,0.8229166666666666,6,102,7.505588559420188e-06,541,0.13248727918415745,0.5262527760400569,0.5457779387160172,0.012552868932415214
C1_balanced_plain_contrastive,42,4,192,0.0,0.0970739244609528,0.5499927019312357,0.8026648964732885,0.052083333333333336,0.9479166666666666,7,119,4.504910219291941e-06,541,0.07178347302949772,0.4617663374508072,0.47243789704034517,0.006986424286613911
C1_balanced_plain_contrastive,42,4,192,0.005208333333333333,-0.039197430751907326,0.4843936206307262,0.7676188327992955,0.0625,0.9375,8,136,2.0960733048124082e-06,541,0.06832707169088716,0.4183025344674322,0.42703546644248713,0.0038004498597778006
C1_balanced_plain_contrastive,42,4,192,0.005208333333333333,-0.11899699800900028,0.4231703838643928,0.7731275573993722,0.041666666666666664,0.9583333333333334,9,153,5.385184312424973e-07,541,0.046780171374297165,0.39288566598252095,0.39846718632022193,0.001807005124387716
C1_balanced_plain_contrastive,42,4,192,0.0,-0.1577263365907129,0.41031532307776314,0.777782304212451,0.015625,0.984375,10,170,0.0,541,0.0322253882131615,0.3776979589169456,0.38133691488713534,0.0008328345358795845
C2_TACO,42,0,180,0.9444444444444444,0.7763580867813693,0.7664481206072702,0.7731382553776105,0.7388888888888889,0.3111111111111111,1,17,1.9848077530122083e-05,528,1.1968458445573396,1.6327654014369755,1.815886195071719,0.12687241674795974
C2_TACO,42,0,180,0.9777777777777777,0.8847167655825615,0.920624002483156,0.9249950408935547,0.9055555555555556,0.4166666666666667,2,34,1.8755582313020912e-05,528,1.0167525504631074,0.9593265414463751,1.0890037998218427,0.05600399773163989
C2_TACO,42,0,180,0.45,0.49668664664237033,0.7974596396916442,0.8546998762422138,0.6555555555555556,0.5777777777777777,3,51,1.6720078605555227e-05,528,0.6471295560530218,0.828637724036746,0.9142762816539316,0.04185119972592502
C2_TACO,42,0,180,0.23333333333333334,0.2549400219435079,0.6723276547259754,0.7983185034659174,0.5722222222222222,0.6777777777777778,4,68,1.396079766039157e-05,528,0.47914140443693515,0.7250134872949936,0.7883115639119889,0.030767874224252548
C2_TACO,42,0,180,0.08333333333333333,0.07486030326949225,0.6073654360448321,0.810243793990877,0.46111111111111114,0.7944444444444444,5,85,1.077492420671931e-05,528,0.31395635314804554,0.6242358180143955,0.6661178858061745,0.020972864880880508
C2_TACO,42,0,180,0.05,-0.07335815578699112,0.5826795206146522,0.8233526525191135,0.3111111111111111,0.7944444444444444,6,102,7.505588559420188e-06,528,0.29319606789385255,0.5537704252849587,0.5904741493251288,0.014768234220713512
C2_TACO,42,0,180,0.011111111111111112,-0.14293692370669708,0.508647153702461,0.8270187853111162,0.2222222222222222,0.8944444444444445,7,119,4.504910219291941e-06,528,0.1576134732747574,0.47825634861576627,0.4980477040605337,0.008060017050783326
C2_TACO,42,0,180,0.011111111111111112,-0.22061914140875968,0.41190927558992474,0.8293952229950163,0.1,0.9555555555555556,8,136,2.0960733048124082e-06,528,0.09881311668014502,0.4306512552147703,0.4426657566006973,0.00426637896182938
C2_TACO,42,0,180,0.0,-0.2581525272068878,0.3891165299134122,0.8210748149289026,0.11666666666666667,0.9777777777777777,9,153,5.385184312424973e-07,528,0.0847594701780591,0.4000822436046843,0.4096195589077207,0.0021227351420210734
C2_TACO,42,0,180,0.0,-0.28848729826923875,0.35419247720080116,0.8308184633652369,0.03333333333333333,0.9944444444444445,10,170,0.0,528,0.04385817408955049,0.3836653319652242,0.38856186974038737,0.0010214416476825054
C2_TACO,42,1,189,0.9629629629629629,0.8020231024455772,0.7831331593965096,0.7767047990882208,0.8095238095238095,0.328042328042328,1,17,1.9848077530122083e-05,540,1.2665975196925163,1.598000655847567,1.7881339748148566,0.12694714219499104
C2_TACO,42,1,189,0.9576719576719577,0.8725847326731556,0.9176911464128544,0.9234424788485128,0.9523809523809523,0.41798941798941797,2,34,1.8755582313020912e-05,540,1.0166728987875913,0.8829273256024829,1.0081767372786998,0.04716423872634078
C2_TACO,42,1,189,0.32275132275132273,0.344556300277531,0.7039531664479346,0.792465336187176,0.5978835978835979,0.6455026455026455,3,51,1.6720078605555227e-05,540,0.5481595677105361,0.7392831691782231,0.8097313000372163,0.03126434586237237
C2_TACO,42,1,189,0.1693121693121693,0.1574270821289805,0.6973322782290992,0.8016804218607605,0.5343915343915344,0.7195767195767195,4,68,1.396079766039157e-05,540,0.42352795386083286,0.6549885046426897,0.7093257208803185,0.02396884279409682
C2_TACO,42,1,189,0.06349206349206349,-0.049241974141704975,0.5883475229459465,0.8056587357685049,0.3492063492063492,0.8095238095238095,5,85,1.077492420671931e-05,540,0.28603755994098956,0.574520027630583,0.6114560894737089,0.01666461305800045
C2_TACO,42,1,189,0.047619047619047616,-0.22654202550886168,0.48430114513430644,0.8014061750952529,0.21693121693121692,0.8783068783068783,6,102,7.505588559420188e-06,540,0.2092174914840682,0.5345984494727519,0.5622395198136844,0.013438641663971658
C2_TACO,42,1,189,0.010582010582010581,-0.2354137108478912,0.4706718542282938,0.807089354389559,0.19047619047619047,0.9365079365079365,7,119,4.504910219291941e-06,540,0.1598091128014925,0.46955218603144644,0.48952995754985346,0.007993719841390514
C2_TACO,42,1,189,0.005291005291005291,-0.31265443186004643,0.3654071604586625,0.8103046838253264,0.1111111111111111,0.9576719576719577,8,136,2.0960733048124082e-06,540,0.07871500675688299,0.41862458412759695,0.42848301206249745,0.003973851407890497
C2_TACO,42,1,189,0.005291005291005291,-0.3727318489500297,0.34287795592000875,0.8095273314014314,0.07407407407407407,0.9682539682539683,9,153,5.385184312424973e-07,540,0.0783974703449025,0.3917739845984788,0.4006211715095021,0.0020148815479792068
C2_TACO,42,1,189,0.0,-0.3900323390871996,0.36289478255997576,0.8130947020712984,0.05291005291005291,0.9788359788359788,10,170,0.0,540,0.06139279040874465,0.3784146624272344,0.3851111052074918,0.001114328460344209
C2_TACO,42,2,183,0.9016393442622951,0.7820913070212296,0.7593878235647588,0.7874585045654265,0.7431693989071039,0.34972677595628415,1,17,1.9848077530122083e-05,524,1.1648665947114465,1.6184426793501576,1.799940862955938,0.1300230440017163
C2_TACO,42,2,183,0.9562841530054644,0.8715488975002466,0.9056882122175289,0.91964155044712,0.907103825136612,0.4644808743169399,2,34,1.8755582313020912e-05,524,0.9908462624058468,0.9346147506632878,1.0602461143702495,0.053093474257012246
C2_TACO,42,2,183,0.546448087431694,0.49774665969724213,0.7616930459447897,0.8367009582048882,0.6830601092896175,0.6010928961748634,3,51,1.6720078605555227e-05,524,0.664286247617654,0.771376293820848,0.8555175209460595,0.03542520488076488
C2_TACO,42,2,183,0.1366120218579235,0.17975210542968714,0.6737730411476777,0.8099314262632464,0.5081967213114754,0.7486338797814208,4,68,1.396079766039157e-05,524,0.38695098767982383,0.6842046323879302,0.7364853874119069,0.02717131572356314
C2_TACO,42,2,183,0.09289617486338798,-0.021123987800680876,0.566584569793907,0.7721003352618608,0.4098360655737705,0.7650273224043715,5,85,1.077492420671931e-05,524,0.3152971643845543,0.5953511999962666,0.6361333389290189,0.018504844683414425
C2_TACO,42,2,183,0.01639344262295082,-0.18344707653191084,0.4686277107707138,0.7743022564004679,0.22404371584699453,0.825136612021858,6,102,7.505588559420188e-06,524,0.20196964477609003,0.5205390323308929,0.5468284381084315,0.01218487983312345
C2_TACO,42,2,183,0.01092896174863388,-0.24724506673815308,0.4480551579570184,0.7875375241204038,0.15300546448087432,0.9234972677595629,7,119,4.504910219291941e-06,524,0.1386764531579439,0.4521466134443083,0.4691715076110745,0.0063144989369152945
C2_TACO,42,2,183,0.00546448087431694,-0.30490900061088183,0.2942638007689858,0.774427927745496,0.1092896174863388,0.9672131147540983,8,136,2.0960733048124082e-06,524,0.08041914616378631,0.4160791200706522,0.42604299454118005,0.003843919839873151
C2_TACO,42,2,183,0.0,-0.31772259626883625,0.29068269890025666,0.8022016996894378,0.04918032786885246,0.9890710382513661,9,153,5.385184312424973e-07,524,0.04356934917153269,0.3861337227974343,0.39139603731712996,0.0018107582070795698
C2_TACO,42,2,183,0.0,-0.329679095995475,0.2764182012894603,0.8063636751122814,0.03278688524590164,0.9836065573770492,10,170,0.0,524,0.03779553801429152,0.3727130297000897,0.37691238192212234,0.0008395943654538995
C2_TACO,42,3,168,0.9523809523809523,0.7452035803525221,0.7231717249822049,0.7313169899973131,0.7380952380952381,0.3392857142857143,1,17,1.9848077530122083e-05,522,1.153021368201665,1.606510897991301,1.784660149008835,0.12569421994182284
C2_TACO,42,3,168,0.9642857142857143,0.8804977937113672,0.9092172994500115,0.9176244102418423,0.8869047619047619,0.4107142857142857,2,34,1.8755582313020912e-05,522,0.9666564955565208,0.8995052540382206,1.0209151355699562,0.04948846037701215
C2_TACO,42,3,168,0.6071428571428571,0.6169228173648229,0.8232590186276606,0.8790905718647298,0.6964285714285714,0.6011904761904762,3,51,1.6720078605555227e-05,522,0.6349981592761146,0.8089220040545609,0.8915940173027388,0.03834439541139172
C2_TACO,42,3,168,0.20833333333333334,0.15235193571563632,0.6918044602498412,0.82380175900956,0.5476190476190477,0.7083333333333334,4,68,1.396079766039157e-05,522,0.40446505288941825,0.6721501699523907,0.7254806062442133,0.025767864066312603
C2_TACO,42,3,168,0.047619047619047616,-0.1043774778843813,0.5452217837196908,0.7901977157397639,0.3273809523809524,0.7797619047619048,5,85,1.077492420671931e-05,522,0.2683442064504749,0.5802851525845427,0.6157972863750439,0.017355423855817304
C2_TACO,42,3,168,0.02976190476190476,-0.15334590300474138,0.5022164576553872,0.802128787019423,0.20833333333333334,0.875,6,102,7.505588559420188e-06,522,0.1809316082695638,0.5210842762456429,0.5451591727020526,0.011963470095310938
C2_TACO,42,3,168,0.005952380952380952,-0.20931259778860425,0.45304565040195094,0.794928082087565,0.18452380952380953,0.9404761904761905,7,119,4.504910219291941e-06,522,0.12858311067406897,0.4644182609872343,0.4809580999034032,0.007363053679101641
C2_TACO,42,3,168,0.005952380952380952,-0.24413939441243807,0.367376387108206,0.7952059182737555,0.13095238095238096,0.9226190476190477,8,136,2.0960733048124082e-06,522,0.10358373113346761,0.4176759356365207,0.42989266728197306,0.003716717610955722
C2_TACO,42,3,168,0.011904761904761904,-0.2725046499454904,0.30707924933327985,0.7877879275807312,0.08928571428571429,0.9761904761904762,9,153,5.385184312424973e-07,522,0.07243722883962814,0.3913201816403218,0.39951835963825993,0.0019089104760568719
C2_TACO,42,3,168,0.0,-0.2869211179869516,0.2807934315309727,0.8026305029967001,0.05952380952380952,0.9940476190476191,10,170,0.0,522,0.04474098041074177,0.3781558789582245,0.3830859654358235,0.0009119768873455771
C2_TACO,42,4,192,0.9739583333333334,0.7947831167063365,0.7673809948998193,0.7760216537863016,0.78125,0.390625,1,17,1.9848077530122083e-05,541,1.2534951255992468,1.6160847662006421,1.8056119206652403,0.1283552832385033
C2_TACO,42,4,192,0.9427083333333334,0.874274015892297,0.9095868716637293,0.9257781857935091,0.8697916666666666,0.4791666666666667,2,34,1.8755582313020912e-05,541,1.0275810902418359,0.9139481110570612,1.0421670305503055,0.05092161497343917
C2_TACO,42,4,192,0.4791666666666667,0.5419974391697906,0.810832103403906,0.8428778146238377,0.7395833333333334,0.5572916666666666,3,51,1.6720078605555227e-05,541,0.7055803323009648,0.7763389488492788,0.865082263133993,0.03637055905540982
C2_TACO,42,4,192,0.08854166666666667,0.03790080411514888,0.6208241573525205,0.772343606610472,0.4583333333333333,0.7395833333333334,4,68,1.396079766039157e-05,541,0.3965329882730136,0.6824259135231734,0.7349114959677354,0.02566456687350477
C2_TACO,42,4,192,0.057291666666666664,0.0013683829941631605,0.6554253186332062,0.8105974254043152,0.390625,0.8020833333333334,5,85,1.077492420671931e-05,541,0.3341415952759848,0.5969452921321784,0.639493489414178,0.018268075880190863
C2_TACO,42,4,192,0.026041666666666668,-0.1545296372496523,0.4895868947836182,0.7592938624632856,0.2708333333333333,0.8541666666666666,6,102,7.505588559420188e-06,541,0.20345399967816963,0.5231097569472247,0.5497688396787357,0.012627365957070211
C2_TACO,42,4,192,0.020833333333333332,-0.24294595375734693,0.4003483137736718,0.7702618557183692,0.171875,0.9166666666666666,7,119,4.504910219291941e-06,541,0.1304202908853929,0.45531495881065476,0.47166425487983715,0.006614533786822754
C2_TACO,42,4,192,0.010416666666666666,-0.319574239848104,0.3511528367525898,0.7701417091302574,0.125,0.9791666666666666,8,136,2.0960733048124082e-06,541,0.08368121757455663,0.41755963320019285,0.4277106762782786,0.0035658436475701507
C2_TACO,42,4,192,0.010416666666666666,-0.31624926698956796,0.2775328955128013,0.7867646457937857,0.041666666666666664,0.984375,9,153,5.385184312424973e-07,541,0.0495594657405388,0.3914086752676176,0.3972010954116194,0.001672946768033864
C2_TACO,42,4,192,0.0,-0.3419538471013463,0.2600180388641699,0.7994841925877457,0.036458333333333336,0.984375,10,170,0.0,541,0.045165472960141756,0.3766546281286586,0.38155196410476433,0.0007615761616662001
C3_shuffled_margin_control,42,0,180,0.9611111111111111,0.7763888272146384,0.766533558236228,0.773654018011358,0.7333333333333333,0.31666666666666665,1,17,1.9848077530122083e-05,528,1.191407618141084,1.6332755774033791,1.8158686295377486,0.12690457702212204
C3_shuffled_margin_control,42,0,180,0.9833333333333333,0.8988887849781249,0.9271192014217376,0.9305062727795707,0.9111111111111111,0.39444444444444443,2,34,1.8755582313020912e-05,528,1.0315239664280054,0.9534808392636478,1.0843994298272512,0.055532386174132684
C3_shuffled_margin_control,42,0,180,0.4388888888888889,0.5018403901201155,0.7946783998360236,0.8439245846536424,0.6666666666666666,0.5722222222222222,3,51,1.6720078605555227e-05,528,0.7144848500456922,0.8256487497551874,0.9176250599098928,0.041055648232224594
C3_shuffled_margin_control,42,0,180,0.25,0.2611284600881239,0.6780362891033291,0.8119933639963468,0.5666666666666667,0.6722222222222223,4,68,1.396079766039157e-05,528,0.46141756785183324,0.7232411096690956,0.7845079405233264,0.03025014742083978
C3_shuffled_margin_control,42,0,180,0.044444444444444446,0.020612581974516313,0.5872990427124831,0.784555910858843,0.39444444444444443,0.7777777777777778,5,85,1.077492420671931e-05,528,0.30264137759370374,0.6299251005843733,0.671032252044163,0.021686024537468093
C3_shuffled_margin_control,42,0,180,0.044444444444444446,-0.07931081611766583,0.5322330119916134,0.8021962475445535,0.3,0.85,6,102,7.505588559420188e-06,528,0.24392911212420254,0.5537999510327636,0.5857490099627863,0.015112295911311583
C3_shuffled_margin_control,42,0,180,0.022222222222222223,-0.15008384980675246,0.4617934829348491,0.8186587106850413,0.19444444444444445,0.9277777777777778,7,119,4.504910219291941e-06,528,0.1321931812352418,0.47940065842703916,0.4968744779083257,0.008509006148385928
C3_shuffled_margin_control,42,0,180,0.005555555555555556,-0.2606733135568599,0.34028260809265903,0.8110942187822527,0.05,0.9666666666666667,8,136,2.0960733048124082e-06,528,0.0749041628223219,0.4263871764750079,0.4359496276222423,0.004144072877112869
C3_shuffled_margin_control,42,0,180,0.0,-0.27117515528160663,0.32784054739814666,0.8138644069433212,0.06111111111111111,0.9833333333333333,9,153,5.385184312424973e-07,528,0.06337266666030866,0.40013444495994144,0.40760346573766915,0.0022635083409575213
C3_shuffled_margin_control,42,0,180,0.0,-0.2892487225640151,0.2853509545533193,0.823780569434166,0.03333333333333333,0.9888888888888889,10,170,0.0,528,0.0347970146742062,0.38226182931579056,0.3862186597402659,0.000954256679503632
C3_shuffled_margin_control,42,1,189,0.9523809523809523,0.8018814235452622,0.783177229304793,0.7764687771519656,0.8042328042328042,0.328042328042328,1,17,1.9848077530122083e-05,540,1.261698089879765,1.5888239210954418,1.7781340425765073,0.12628062493081585
C3_shuffled_margin_control,42,1,189,0.9682539682539683,0.884092931551908,0.9261964985302517,0.9305411397464691,0.9523809523809523,0.3915343915343915,2,34,1.8755582313020912e-05,540,1.0148220050114172,0.8936703747897237,1.0195651276520006,0.0488250957856912
C3_shuffled_margin_control,42,1,189,0.3544973544973545,0.3540612387042197,0.6991770801444849,0.7885119229082077,0.6031746031746031,0.6243386243386243,3,51,1.6720078605555227e-05,540,0.5892033635593381,0.7662358789256325,0.842329294786409,0.03434615652120017
C3_shuffled_margin_control,42,1,189,0.19576719576719576,0.1271814184273204,0.673383641948618,0.7834686822203732,0.544973544973545,0.6984126984126984,4,68,1.396079766039157e-05,540,0.4632789122759951,0.6586284223943949,0.7170416896403939,0.0241707486943967
C3_shuffled_margin_control,42,1,189,0.09523809523809523,-0.0453429927448274,0.578307286338516,0.7995780689848794,0.3492063492063492,0.8042328042328042,5,85,1.077492420671931e-05,540,0.3127455958122651,0.5859447490320437,0.6260150827467441,0.01759154906798762
C3_shuffled_margin_control,42,1,189,0.037037037037037035,-0.30029905164643883,0.5177943245680244,0.807015804702012,0.2275132275132275,0.8835978835978836,6,102,7.505588559420188e-06,540,0.19875127589575642,0.5188218754681724,0.5448744813325228,0.012354954979700442
C3_shuffled_margin_control,42,1,189,0.021164021164021163,-0.2955034151870422,0.4440451077427025,0.793737199256029,0.18518518518518517,0.9312169312169312,7,119,4.504910219291941e-06,540,0.15095587146067743,0.46181536947066587,0.48053738353084086,0.007252851369601019
C3_shuffled_margin_control,42,1,189,0.010582010582010581,-0.3581975453764831,0.40793878286485635,0.8028944894750282,0.12698412698412698,0.9523809523809523,8,136,2.0960733048124082e-06,540,0.10489362185221075,0.4133693069366186,0.4255946243768213,0.003471911542493655
C3_shuffled_margin_control,42,1,189,0.010582010582010581,-0.3826191860334898,0.3240235385598329,0.8137488374634395,0.06349206349206349,0.9682539682539683,9,153,5.385184312424973e-07,540,0.0676074981663044,0.3887578494950301,0.3964841052820837,0.0019310129854518351
C3_shuffled_margin_control,42,1,189,0.0,-0.40189791811758246,0.37031766219389817,0.8115650500570025,0.09523809523809523,0.9682539682539683,10,170,0.0,540,0.07006513787273434,0.37544533550756537,0.3829074353635035,0.0009111704048058931
C3_shuffled_margin_control,42,2,183,0.9289617486338798,0.7822184990989706,0.7591575915044774,0.7874530172738873,0.7377049180327869,0.34972677595628415,1,17,1.9848077530122083e-05,524,1.1599106668345345,1.6179740681448056,1.7989648982655002,0.12999953096021563
C3_shuffled_margin_control,42,2,183,0.9234972677595629,0.8471226549295129,0.8907792594263463,0.9092372131477939,0.8743169398907104,0.4426229508196721,2,34,1.8755582313020912e-05,524,0.9821021637616266,0.9211924795260411,1.0451702671054437,0.051535143848430394
C3_shuffled_margin_control,42,2,183,0.5027322404371585,0.4863642050472439,0.7360103680584275,0.8002025125741633,0.6612021857923497,0.5573770491803278,3,51,1.6720078605555227e-05,524,0.7540290780296152,0.7736352742400788,0.8671680359695931,0.03625970873490726
C3_shuffled_margin_control,42,2,183,0.18032786885245902,0.2192440402841633,0.6404079631215236,0.8035144266046461,0.4426229508196721,0.73224043715847,4,68,1.396079766039157e-05,524,0.42447388653007145,0.671474157000771,0.726745149220219,0.025647205949466824
C3_shuffled_margin_control,42,2,183,0.07650273224043716,0.00710218798755948,0.5684773534780643,0.7738601499405063,0.4262295081967213,0.7814207650273224,5,85,1.077492420671931e-05,524,0.34238876745447816,0.5910982988803214,0.6345268137440199,0.018379276128011917
C3_shuffled_margin_control,42,2,183,0.03825136612021858,-0.11205131975333385,0.49970644183171903,0.7941051553833028,0.29508196721311475,0.8360655737704918,6,102,7.505588559420188e-06,524,0.25046968888120374,0.52787884128216,0.5591821519956561,0.012512681066025917
C3_shuffled_margin_control,42,2,183,0.00546448087431694,-0.1826524559632351,0.504305623003531,0.8056760314709502,0.23497267759562843,0.8907103825136612,7,119,4.504910219291941e-06,524,0.18044653964492863,0.4673795377380634,0.48930587129710057,0.007763359204906871
C3_shuffled_margin_control,42,2,183,0.00546448087431694,-0.2703929132695406,0.3809596553668787,0.7947833445228514,0.13114754098360656,0.9453551912568307,8,136,2.0960733048124082e-06,524,0.10249132620111172,0.41999685318202123,0.4322624659176404,0.004032958605122763
C3_shuffled_margin_control,42,2,183,0.0,-0.2995138463304668,0.3575821785978932,0.8076530896900781,0.04918032786885246,1.0,9,153,5.385184312424973e-07,524,0.05685142565792771,0.3866828385640988,0.393261426464363,0.0017868886590200308
C3_shuffled_margin_control,42,2,183,0.00546448087431694,-0.31261396198406244,0.3327182470082911,0.8105116932769942,0.04371584699453552,0.9781420765027322,10,170,0.0,524,0.05261179694349016,0.3726099887747275,0.3783024977741564,0.0008626589395647835
C3_shuffled_margin_control,42,3,168,0.9404761904761905,0.7452665173581668,0.7232881766699609,0.7315882981887886,0.7440476190476191,0.3333333333333333,1,17,1.9848077530122083e-05,522,1.146244386889012,1.605380620364942,1.7827176789100143,0.12542523354937776
C3_shuffled_margin_control,42,3,168,0.9761904761904762,0.8928620980254242,0.9001972361334732,0.9062315528946263,0.8809523809523809,0.36904761904761907,2,34,1.8755582313020912e-05,522,1.0255171927798297,0.9168262017812309,1.0448679225198154,0.05098000211129143
C3_shuffled_margin_control,42,3,168,0.6785714285714286,0.6325657794728786,0.8152122965880803,0.863799222345863,0.7023809523809523,0.5833333333333334,3,51,1.6720078605555227e-05,522,0.6978890547650185,0.8083114265196625,0.8970878057438751,0.03797494859594791
C3_shuffled_margin_control,42,3,168,0.2619047619047619,0.23591041229554408,0.716712255574142,0.8274524384178221,0.5654761904761905,0.7142857142857143,4,68,1.396079766039157e-05,522,0.45864041633866065,0.6784449955626922,0.7376545869470557,0.026691096573907495
C3_shuffled_margin_control,42,3,168,0.05952380952380952,-0.010522052723293504,0.5836943236756182,0.7929471090790772,0.3273809523809524,0.7797619047619048,5,85,1.077492420671931e-05,522,0.27349116328462086,0.5761745743439229,0.611707797181218,0.01636821291888029
C3_shuffled_margin_control,42,3,168,0.017857142857142856,-0.1869938961074998,0.49899952051540214,0.7962868767125266,0.22023809523809523,0.8928571428571429,6,102,7.505588559420188e-06,522,0.15730639676234157,0.5150186153007421,0.5364187558527708,0.011339003158076127
C3_shuffled_margin_control,42,3,168,0.005952380952380952,-0.28032841051130425,0.4256244391602065,0.8048583290406636,0.125,0.9523809523809523,7,119,4.504910219291941e-06,522,0.08788550652943705,0.45141329806051805,0.46312072822981126,0.005837759800135134
C3_shuffled_margin_control,42,3,168,0.0,-0.2886586075848235,0.3547475753418569,0.813658785252344,0.06547619047619048,0.9761904761904762,8,136,2.0960733048124082e-06,522,0.05752613455686835,0.41531225189145554,0.422751452581122,0.003373172773046177
C3_shuffled_margin_control,42,3,168,0.005952380952380952,-0.2979526892858779,0.3047540144373973,0.7961309477686882,0.08928571428571429,0.9821428571428571,9,153,5.385184312424973e-07,522,0.060084407647472395,0.3896479314501786,0.3965305531088805,0.0017483605994901754
C3_shuffled_margin_control,42,3,168,0.0,-0.321752020756581,0.2832716199059394,0.8010427325609184,0.03571428571428571,0.9880952380952381,10,170,0.0,522,0.03655778578190638,0.3757112716160486,0.37972852089388787,0.0007229418248131366
C3_shuffled_margin_control,42,4,192,0.9427083333333334,0.7946943556113789,0.7676658594670395,0.7760325567796826,0.7864583333333334,0.3854166666666667,1,17,1.9848077530122083e-05,541,1.2586899959721538,1.6159673721534709,1.8060558503855177,0.12843894919160195
C3_shuffled_margin_control,42,4,192,0.921875,0.8711444323416799,0.912142246340712,0.9283266846711437,0.859375,0.4739583333333333,2,34,1.8755582313020912e-05,541,1.0216434589705934,0.9099548858161775,1.037275292296066,0.05031211711117712
C3_shuffled_margin_control,42,4,192,0.484375,0.5377437405404635,0.8280684817582369,0.8482082556001842,0.796875,0.5416666666666666,3,51,1.6720078605555227e-05,541,0.7293499840110155,0.7593800773682303,0.8494346273474244,0.03423910348417062
C3_shuffled_margin_control,42,4,192,0.125,0.08256763108753755,0.605790155736031,0.7813045522974184,0.4322916666666667,0.734375,4,68,1.396079766039157e-05,541,0.39193213222491985,0.698212151369166,0.7513486293941571,0.027886529366917007
C3_shuffled_margin_control,42,4,192,0.07291666666666667,-0.011668976042225646,0.6237787835416384,0.8182741877778122,0.3697916666666667,0.8072916666666666,5,85,1.077492420671931e-05,541,0.31766273460706845,0.592721460879455,0.6331833017552736,0.017391134151431873
C3_shuffled_margin_control,42,4,192,0.026041666666666668,-0.18397566846882304,0.4943498142529279,0.8074333140005668,0.21354166666666666,0.8854166666666666,6,102,7.505588559420188e-06,541,0.1869148270791554,0.5197873492578867,0.5446141799171619,0.012270696261320341
C3_shuffled_margin_control,42,4,192,0.005208333333333333,-0.20966054408442383,0.3759039222010567,0.8014437636981407,0.11458333333333333,0.9583333333333334,7,119,4.504910219291941e-06,541,0.08194457900394296,0.4569329875060865,0.4684091344425823,0.00656337579553295
C3_shuffled_margin_control,42,4,192,0.010416666666666666,-0.3168984491106433,0.35962702028336935,0.8061935780569911,0.08854166666666667,0.9583333333333334,8,136,2.0960733048124082e-06,541,0.07537895323741577,0.41858293297623117,0.4279552533828383,0.0036688497401536966
C3_shuffled_margin_control,42,4,192,0.015625,-0.30529168849655736,0.2570409962645499,0.7986888266944637,0.03125,0.984375,9,153,5.385184312424973e-07,541,0.056224417895805553,0.3905976194692104,0.3970645294342252,0.0016889358650842496
C3_shuffled_margin_control,42,4,192,0.0,-0.32297405519057065,0.24118934090559682,0.8189106237065668,0.036458333333333336,0.984375,10,170,0.0,541,0.04181006243670843,0.37689886658190785,0.3814878343684554,0.0008159222451086112
