variant,scope,fold,row_label,column_label,cosine
C0_E4_baseline,fold_0,0,1,1,1.0
C0_E4_baseline,fold_0,0,1,2,0.6781868934631348
C0_E4_baseline,fold_0,0,1,3,0.7018840909004211
C0_E4_baseline,fold_0,0,1,4,0.684128999710083
C0_E4_baseline,fold_0,0,1,5,0.6532638072967529
C0_E4_baseline,fold_0,0,2,1,0.6781868934631348
C0_E4_baseline,fold_0,0,2,2,1.0
C0_E4_baseline,fold_0,0,2,3,0.9143940806388855
C0_E4_baseline,fold_0,0,2,4,0.8837155699729919
C0_E4_baseline,fold_0,0,2,5,0.8533703088760376
C0_E4_baseline,fold_0,0,3,1,0.7018840909004211
C0_E4_baseline,fold_0,0,3,2,0.9143940806388855
C0_E4_baseline,fold_0,0,3,3,1.0
C0_E4_baseline,fold_0,0,3,4,0.9806812405586243
C0_E4_baseline,fold_0,0,3,5,0.8997800946235657
C0_E4_baseline,fold_0,0,4,1,0.684128999710083
C0_E4_baseline,fold_0,0,4,2,0.8837155699729919
C0_E4_baseline,fold_0,0,4,3,0.9806812405586243
C0_E4_baseline,fold_0,0,4,4,1.0
C0_E4_baseline,fold_0,0,4,5,0.9561519622802734
C0_E4_baseline,fold_0,0,5,1,0.6532638072967529
C0_E4_baseline,fold_0,0,5,2,0.8533703088760376
C0_E4_baseline,fold_0,0,5,3,0.8997800946235657
C0_E4_baseline,fold_0,0,5,4,0.9561519622802734
C0_E4_baseline,fold_0,0,5,5,1.0000001192092896
C0_E4_baseline,fold_1,1,1,1,1.0
C0_E4_baseline,fold_1,1,1,2,0.8511976003646851
C0_E4_baseline,fold_1,1,1,3,0.8359578847885132
C0_E4_baseline,fold_1,1,1,4,0.8620895743370056
C0_E4_baseline,fold_1,1,1,5,0.89420485496521
C0_E4_baseline,fold_1,1,2,1,0.8511976003646851
C0_E4_baseline,fold_1,1,2,2,1.0000001192092896
C0_E4_baseline,fold_1,1,2,3,0.944151759147644
C0_E4_baseline,fold_1,1,2,4,0.9398131966590881
C0_E4_baseline,fold_1,1,2,5,0.8942462801933289
C0_E4_baseline,fold_1,1,3,1,0.8359578847885132
C0_E4_baseline,fold_1,1,3,2,0.944151759147644
C0_E4_baseline,fold_1,1,3,3,0.9999999403953552
C0_E4_baseline,fold_1,1,3,4,0.9748322367668152
C0_E4_baseline,fold_1,1,3,5,0.9060485363006592
C0_E4_baseline,fold_1,1,4,1,0.8620895743370056
C0_E4_baseline,fold_1,1,4,2,0.9398131966590881
C0_E4_baseline,fold_1,1,4,3,0.9748322367668152
C0_E4_baseline,fold_1,1,4,4,1.0000001192092896
C0_E4_baseline,fold_1,1,4,5,0.957671046257019
C0_E4_baseline,fold_1,1,5,1,0.89420485496521
C0_E4_baseline,fold_1,1,5,2,0.8942462801933289
C0_E4_baseline,fold_1,1,5,3,0.9060485363006592
C0_E4_baseline,fold_1,1,5,4,0.957671046257019
C0_E4_baseline,fold_1,1,5,5,1.0
C0_E4_baseline,fold_2,2,1,1,0.9999998807907104
C0_E4_baseline,fold_2,2,1,2,0.8985267281532288
C0_E4_baseline,fold_2,2,1,3,0.9000227451324463
C0_E4_baseline,fold_2,2,1,4,0.9049848914146423
C0_E4_baseline,fold_2,2,1,5,0.8734537363052368
C0_E4_baseline,fold_2,2,2,1,0.8985267281532288
C0_E4_baseline,fold_2,2,2,2,1.0
C0_E4_baseline,fold_2,2,2,3,0.9774954319000244
C0_E4_baseline,fold_2,2,2,4,0.957175612449646
C0_E4_baseline,fold_2,2,2,5,0.8787176609039307
C0_E4_baseline,fold_2,2,3,1,0.9000227451324463
C0_E4_baseline,fold_2,2,3,2,0.9774954319000244
C0_E4_baseline,fold_2,2,3,3,1.0
C0_E4_baseline,fold_2,2,3,4,0.9628047347068787
C0_E4_baseline,fold_2,2,3,5,0.8696070909500122
C0_E4_baseline,fold_2,2,4,1,0.9049848914146423
C0_E4_baseline,fold_2,2,4,2,0.957175612449646
C0_E4_baseline,fold_2,2,4,3,0.9628047347068787
C0_E4_baseline,fold_2,2,4,4,1.0
C0_E4_baseline,fold_2,2,4,5,0.9598795771598816
C0_E4_baseline,fold_2,2,5,1,0.8734537363052368
C0_E4_baseline,fold_2,2,5,2,0.8787176609039307
C0_E4_baseline,fold_2,2,5,3,0.8696070909500122
C0_E4_baseline,fold_2,2,5,4,0.9598795771598816
C0_E4_baseline,fold_2,2,5,5,0.9999998807907104
C0_E4_baseline,fold_3,3,1,1,1.0
C0_E4_baseline,fold_3,3,1,2,0.8872044086456299
C0_E4_baseline,fold_3,3,1,3,0.9184064865112305
C0_E4_baseline,fold_3,3,1,4,0.8658370971679688
C0_E4_baseline,fold_3,3,1,5,0.7790180444717407
C0_E4_baseline,fold_3,3,2,1,0.8872044086456299
C0_E4_baseline,fold_3,3,2,2,0.9999999403953552
C0_E4_baseline,fold_3,3,2,3,0.9633088111877441
C0_E4_baseline,fold_3,3,2,4,0.9325646758079529
C0_E4_baseline,fold_3,3,2,5,0.9282717704772949
C0_E4_baseline,fold_3,3,3,1,0.9184064865112305
C0_E4_baseline,fold_3,3,3,2,0.9633088111877441
C0_E4_baseline,fold_3,3,3,3,0.9999998807907104
C0_E4_baseline,fold_3,3,3,4,0.9778555035591125
C0_E4_baseline,fold_3,3,3,5,0.9237524271011353
C0_E4_baseline,fold_3,3,4,1,0.8658370971679688
C0_E4_baseline,fold_3,3,4,2,0.9325646758079529
C0_E4_baseline,fold_3,3,4,3,0.9778555035591125
C0_E4_baseline,fold_3,3,4,4,0.9999997019767761
C0_E4_baseline,fold_3,3,4,5,0.9587306380271912
C0_E4_baseline,fold_3,3,5,1,0.7790180444717407
C0_E4_baseline,fold_3,3,5,2,0.9282717704772949
C0_E4_baseline,fold_3,3,5,3,0.9237524271011353
C0_E4_baseline,fold_3,3,5,4,0.9587306380271912
C0_E4_baseline,fold_3,3,5,5,1.0
C0_E4_baseline,fold_4,4,1,1,0.9999999403953552
C0_E4_baseline,fold_4,4,1,2,0.6851931810379028
C0_E4_baseline,fold_4,4,1,3,0.7472852468490601
C0_E4_baseline,fold_4,4,1,4,0.7744534015655518
C0_E4_baseline,fold_4,4,1,5,0.7958950996398926
C0_E4_baseline,fold_4,4,2,1,0.6851931810379028
C0_E4_baseline,fold_4,4,2,2,1.0
C0_E4_baseline,fold_4,4,2,3,0.9690070748329163
C0_E4_baseline,fold_4,4,2,4,0.9171386361122131
C0_E4_baseline,fold_4,4,2,5,0.801235020160675
C0_E4_baseline,fold_4,4,3,1,0.7472852468490601
C0_E4_baseline,fold_4,4,3,2,0.9690070748329163
C0_E4_baseline,fold_4,4,3,3,1.0
C0_E4_baseline,fold_4,4,3,4,0.9546857476234436
C0_E4_baseline,fold_4,4,3,5,0.8541934490203857
C0_E4_baseline,fold_4,4,4,1,0.7744534015655518
C0_E4_baseline,fold_4,4,4,2,0.9171386361122131
C0_E4_baseline,fold_4,4,4,3,0.9546857476234436
C0_E4_baseline,fold_4,4,4,4,1.0000001192092896
C0_E4_baseline,fold_4,4,4,5,0.9583070278167725
C0_E4_baseline,fold_4,4,5,1,0.7958950996398926
C0_E4_baseline,fold_4,4,5,2,0.801235020160675
C0_E4_baseline,fold_4,4,5,3,0.8541934490203857
C0_E4_baseline,fold_4,4,5,4,0.9583070278167725
C0_E4_baseline,fold_4,4,5,5,0.9999999403953552
C0_E4_baseline,aggregate,all,1,1,0.9999999642372132
C0_E4_baseline,aggregate,all,1,2,0.8000617623329163
C0_E4_baseline,aggregate,all,1,3,0.8207112908363342
C0_E4_baseline,aggregate,all,1,4,0.8182987928390503
C0_E4_baseline,aggregate,all,1,5,0.7991671085357666
C0_E4_baseline,aggregate,all,2,1,0.8000617623329163
C0_E4_baseline,aggregate,all,2,2,1.000000011920929
C0_E4_baseline,aggregate,all,2,3,0.9536714315414428
C0_E4_baseline,aggregate,all,2,4,0.9260815382003784
C0_E4_baseline,aggregate,all,2,5,0.8711682081222534
C0_E4_baseline,aggregate,all,3,1,0.8207112908363342
C0_E4_baseline,aggregate,all,3,2,0.9536714315414428
C0_E4_baseline,aggregate,all,3,3,0.9999999642372132
C0_E4_baseline,aggregate,all,3,4,0.9701718926429749
C0_E4_baseline,aggregate,all,3,5,0.8906763195991516
C0_E4_baseline,aggregate,all,4,1,0.8182987928390503
C0_E4_baseline,aggregate,all,4,2,0.9260815382003784
C0_E4_baseline,aggregate,all,4,3,0.9701718926429749
C0_E4_baseline,aggregate,all,4,4,0.9999999880790711
C0_E4_baseline,aggregate,all,4,5,0.9581480503082276
C0_E4_baseline,aggregate,all,5,1,0.7991671085357666
C0_E4_baseline,aggregate,all,5,2,0.8711682081222534
C0_E4_baseline,aggregate,all,5,3,0.8906763195991516
C0_E4_baseline,aggregate,all,5,4,0.9581480503082276
C0_E4_baseline,aggregate,all,5,5,0.9999999880790711
C1_balanced_plain_contrastive,fold_0,0,1,1,1.0
C1_balanced_plain_contrastive,fold_0,0,1,2,0.35164952278137207
C1_balanced_plain_contrastive,fold_0,0,1,3,0.3908373713493347
C1_balanced_plain_contrastive,fold_0,0,1,4,0.3325692117214203
C1_balanced_plain_contrastive,fold_0,0,1,5,0.25689321756362915
C1_balanced_plain_contrastive,fold_0,0,2,1,0.35164952278137207
C1_balanced_plain_contrastive,fold_0,0,2,2,1.0
C1_balanced_plain_contrastive,fold_0,0,2,3,0.9430387616157532
C1_balanced_plain_contrastive,fold_0,0,2,4,0.9093687534332275
C1_balanced_plain_contrastive,fold_0,0,2,5,0.7811245918273926
C1_balanced_plain_contrastive,fold_0,0,3,1,0.3908373713493347
C1_balanced_plain_contrastive,fold_0,0,3,2,0.9430387616157532
C1_balanced_plain_contrastive,fold_0,0,3,3,1.0
C1_balanced_plain_contrastive,fold_0,0,3,4,0.9621739387512207
C1_balanced_plain_contrastive,fold_0,0,3,5,0.7860434055328369
C1_balanced_plain_contrastive,fold_0,0,4,1,0.3325692117214203
C1_balanced_plain_contrastive,fold_0,0,4,2,0.9093687534332275
C1_balanced_plain_contrastive,fold_0,0,4,3,0.9621739387512207
C1_balanced_plain_contrastive,fold_0,0,4,4,0.9999998807907104
C1_balanced_plain_contrastive,fold_0,0,4,5,0.9102321863174438
C1_balanced_plain_contrastive,fold_0,0,5,1,0.25689321756362915
C1_balanced_plain_contrastive,fold_0,0,5,2,0.7811245918273926
C1_balanced_plain_contrastive,fold_0,0,5,3,0.7860434055328369
C1_balanced_plain_contrastive,fold_0,0,5,4,0.9102321863174438
C1_balanced_plain_contrastive,fold_0,0,5,5,1.0
C1_balanced_plain_contrastive,fold_1,1,1,1,1.0
C1_balanced_plain_contrastive,fold_1,1,1,2,0.8252238631248474
C1_balanced_plain_contrastive,fold_1,1,1,3,0.7644852995872498
C1_balanced_plain_contrastive,fold_1,1,1,4,0.8593622446060181
C1_balanced_plain_contrastive,fold_1,1,1,5,0.9191933870315552
C1_balanced_plain_contrastive,fold_1,1,2,1,0.8252238631248474
C1_balanced_plain_contrastive,fold_1,1,2,2,0.9999998807907104
C1_balanced_plain_contrastive,fold_1,1,2,3,0.9232406616210938
C1_balanced_plain_contrastive,fold_1,1,2,4,0.9353549480438232
C1_balanced_plain_contrastive,fold_1,1,2,5,0.8781076669692993
C1_balanced_plain_contrastive,fold_1,1,3,1,0.7644852995872498
C1_balanced_plain_contrastive,fold_1,1,3,2,0.9232406616210938
C1_balanced_plain_contrastive,fold_1,1,3,3,1.0
C1_balanced_plain_contrastive,fold_1,1,3,4,0.9438915848731995
C1_balanced_plain_contrastive,fold_1,1,3,5,0.8091480731964111
C1_balanced_plain_contrastive,fold_1,1,4,1,0.8593622446060181
C1_balanced_plain_contrastive,fold_1,1,4,2,0.9353549480438232
C1_balanced_plain_contrastive,fold_1,1,4,3,0.9438915848731995
C1_balanced_plain_contrastive,fold_1,1,4,4,1.0
C1_balanced_plain_contrastive,fold_1,1,4,5,0.9376431703567505
C1_balanced_plain_contrastive,fold_1,1,5,1,0.9191933870315552
C1_balanced_plain_contrastive,fold_1,1,5,2,0.8781076669692993
C1_balanced_plain_contrastive,fold_1,1,5,3,0.8091480731964111
C1_balanced_plain_contrastive,fold_1,1,5,4,0.9376431703567505
C1_balanced_plain_contrastive,fold_1,1,5,5,0.9999999403953552
C1_balanced_plain_contrastive,fold_2,2,1,1,0.9999998807907104
C1_balanced_plain_contrastive,fold_2,2,1,2,0.845869243144989
C1_balanced_plain_contrastive,fold_2,2,1,3,0.7963147759437561
C1_balanced_plain_contrastive,fold_2,2,1,4,0.834520161151886
C1_balanced_plain_contrastive,fold_2,2,1,5,0.8611536026000977
C1_balanced_plain_contrastive,fold_2,2,2,1,0.845869243144989
C1_balanced_plain_contrastive,fold_2,2,2,2,1.0
C1_balanced_plain_contrastive,fold_2,2,2,3,0.9671297073364258
C1_balanced_plain_contrastive,fold_2,2,2,4,0.9457112550735474
C1_balanced_plain_contrastive,fold_2,2,2,5,0.8695082664489746
C1_balanced_plain_contrastive,fold_2,2,3,1,0.7963147759437561
C1_balanced_plain_contrastive,fold_2,2,3,2,0.9671297073364258
C1_balanced_plain_contrastive,fold_2,2,3,3,1.0
C1_balanced_plain_contrastive,fold_2,2,3,4,0.9441084265708923
C1_balanced_plain_contrastive,fold_2,2,3,5,0.8214492797851562
C1_balanced_plain_contrastive,fold_2,2,4,1,0.834520161151886
C1_balanced_plain_contrastive,fold_2,2,4,2,0.9457112550735474
C1_balanced_plain_contrastive,fold_2,2,4,3,0.9441084265708923
C1_balanced_plain_contrastive,fold_2,2,4,4,1.0
C1_balanced_plain_contrastive,fold_2,2,4,5,0.9451326727867126
C1_balanced_plain_contrastive,fold_2,2,5,1,0.8611536026000977
C1_balanced_plain_contrastive,fold_2,2,5,2,0.8695082664489746
C1_balanced_plain_contrastive,fold_2,2,5,3,0.8214492797851562
C1_balanced_plain_contrastive,fold_2,2,5,4,0.9451326727867126
C1_balanced_plain_contrastive,fold_2,2,5,5,1.0000001192092896
C1_balanced_plain_contrastive,fold_3,3,1,1,0.9999998807907104
C1_balanced_plain_contrastive,fold_3,3,1,2,0.8927508592605591
C1_balanced_plain_contrastive,fold_3,3,1,3,0.922177791595459
C1_balanced_plain_contrastive,fold_3,3,1,4,0.8594655394554138
C1_balanced_plain_contrastive,fold_3,3,1,5,0.7390823364257812
C1_balanced_plain_contrastive,fold_3,3,2,1,0.8927508592605591
C1_balanced_plain_contrastive,fold_3,3,2,2,1.000000238418579
C1_balanced_plain_contrastive,fold_3,3,2,3,0.9720139503479004
C1_balanced_plain_contrastive,fold_3,3,2,4,0.9516116380691528
C1_balanced_plain_contrastive,fold_3,3,2,5,0.8957477807998657
C1_balanced_plain_contrastive,fold_3,3,3,1,0.922177791595459
C1_balanced_plain_contrastive,fold_3,3,3,2,0.9720139503479004
C1_balanced_plain_contrastive,fold_3,3,3,3,0.9999998807907104
C1_balanced_plain_contrastive,fold_3,3,3,4,0.9759668111801147
C1_balanced_plain_contrastive,fold_3,3,3,5,0.8889960050582886
C1_balanced_plain_contrastive,fold_3,3,4,1,0.8594655394554138
C1_balanced_plain_contrastive,fold_3,3,4,2,0.9516116380691528
C1_balanced_plain_contrastive,fold_3,3,4,3,0.9759668111801147
C1_balanced_plain_contrastive,fold_3,3,4,4,0.9999999403953552
C1_balanced_plain_contrastive,fold_3,3,4,5,0.9530574083328247
C1_balanced_plain_contrastive,fold_3,3,5,1,0.7390823364257812
C1_balanced_plain_contrastive,fold_3,3,5,2,0.8957477807998657
C1_balanced_plain_contrastive,fold_3,3,5,3,0.8889960050582886
C1_balanced_plain_contrastive,fold_3,3,5,4,0.9530574083328247
C1_balanced_plain_contrastive,fold_3,3,5,5,1.0000001192092896
C1_balanced_plain_contrastive,fold_4,4,1,1,1.0
C1_balanced_plain_contrastive,fold_4,4,1,2,0.703015923500061
C1_balanced_plain_contrastive,fold_4,4,1,3,0.7588260173797607
C1_balanced_plain_contrastive,fold_4,4,1,4,0.7481977939605713
C1_balanced_plain_contrastive,fold_4,4,1,5,0.7313086986541748
C1_balanced_plain_contrastive,fold_4,4,2,1,0.703015923500061
C1_balanced_plain_contrastive,fold_4,4,2,2,1.0
C1_balanced_plain_contrastive,fold_4,4,2,3,0.9634477496147156
C1_balanced_plain_contrastive,fold_4,4,2,4,0.9159723520278931
C1_balanced_plain_contrastive,fold_4,4,2,5,0.7684653997421265
C1_balanced_plain_contrastive,fold_4,4,3,1,0.7588260173797607
C1_balanced_plain_contrastive,fold_4,4,3,2,0.9634477496147156
C1_balanced_plain_contrastive,fold_4,4,3,3,1.0
C1_balanced_plain_contrastive,fold_4,4,3,4,0.9398688077926636
C1_balanced_plain_contrastive,fold_4,4,3,5,0.7946444749832153
C1_balanced_plain_contrastive,fold_4,4,4,1,0.7481977939605713
C1_balanced_plain_contrastive,fold_4,4,4,2,0.9159723520278931
C1_balanced_plain_contrastive,fold_4,4,4,3,0.9398688077926636
C1_balanced_plain_contrastive,fold_4,4,4,4,1.0
C1_balanced_plain_contrastive,fold_4,4,4,5,0.935013473033905
C1_balanced_plain_contrastive,fold_4,4,5,1,0.7313086986541748
C1_balanced_plain_contrastive,fold_4,4,5,2,0.7684653997421265
C1_balanced_plain_contrastive,fold_4,4,5,3,0.7946444749832153
C1_balanced_plain_contrastive,fold_4,4,5,4,0.935013473033905
C1_balanced_plain_contrastive,fold_4,4,5,5,1.0000001192092896
C1_balanced_plain_contrastive,aggregate,all,1,1,0.9999999523162841
C1_balanced_plain_contrastive,aggregate,all,1,2,0.7237018823623658
C1_balanced_plain_contrastive,aggregate,all,1,3,0.7265282511711121
C1_balanced_plain_contrastive,aggregate,all,1,4,0.7268229901790619
C1_balanced_plain_contrastive,aggregate,all,1,5,0.7015262484550476
C1_balanced_plain_contrastive,aggregate,all,2,1,0.7237018823623658
C1_balanced_plain_contrastive,aggregate,all,2,2,1.0000000238418578
C1_balanced_plain_contrastive,aggregate,all,2,3,0.9537741661071777
C1_balanced_plain_contrastive,aggregate,all,2,4,0.9316037893295288
C1_balanced_plain_contrastive,aggregate,all,2,5,0.8385907411575317
C1_balanced_plain_contrastive,aggregate,all,3,1,0.7265282511711121
C1_balanced_plain_contrastive,aggregate,all,3,2,0.9537741661071777
C1_balanced_plain_contrastive,aggregate,all,3,3,0.9999999761581421
C1_balanced_plain_contrastive,aggregate,all,3,4,0.9532019138336182
C1_balanced_plain_contrastive,aggregate,all,3,5,0.8200562477111817
C1_balanced_plain_contrastive,aggregate,all,4,1,0.7268229901790619
C1_balanced_plain_contrastive,aggregate,all,4,2,0.9316037893295288
C1_balanced_plain_contrastive,aggregate,all,4,3,0.9532019138336182
C1_balanced_plain_contrastive,aggregate,all,4,4,0.9999999642372132
C1_balanced_plain_contrastive,aggregate,all,4,5,0.9362157821655274
C1_balanced_plain_contrastive,aggregate,all,5,1,0.7015262484550476
C1_balanced_plain_contrastive,aggregate,all,5,2,0.8385907411575317
C1_balanced_plain_contrastive,aggregate,all,5,3,0.8200562477111817
C1_balanced_plain_contrastive,aggregate,all,5,4,0.9362157821655274
C1_balanced_plain_contrastive,aggregate,all,5,5,1.0000000596046448
C2_TACO,fold_0,0,1,1,1.0
C2_TACO,fold_0,0,1,2,0.3086889386177063
C2_TACO,fold_0,0,1,3,0.4127267003059387
C2_TACO,fold_0,0,1,4,0.3205781579017639
C2_TACO,fold_0,0,1,5,0.17757941782474518
C2_TACO,fold_0,0,2,1,0.3086889386177063
C2_TACO,fold_0,0,2,2,1.0
C2_TACO,fold_0,0,2,3,0.9289717674255371
C2_TACO,fold_0,0,2,4,0.8794687986373901
C2_TACO,fold_0,0,2,5,0.7309422492980957
C2_TACO,fold_0,0,3,1,0.4127267003059387
C2_TACO,fold_0,0,3,2,0.9289717674255371
C2_TACO,fold_0,0,3,3,1.0
C2_TACO,fold_0,0,3,4,0.9485684633255005
C2_TACO,fold_0,0,3,5,0.7499409914016724
C2_TACO,fold_0,0,4,1,0.3205781579017639
C2_TACO,fold_0,0,4,2,0.8794687986373901
C2_TACO,fold_0,0,4,3,0.9485684633255005
C2_TACO,fold_0,0,4,4,1.0
C2_TACO,fold_0,0,4,5,0.9099295139312744
C2_TACO,fold_0,0,5,1,0.17757941782474518
C2_TACO,fold_0,0,5,2,0.7309422492980957
C2_TACO,fold_0,0,5,3,0.7499409914016724
C2_TACO,fold_0,0,5,4,0.9099295139312744
C2_TACO,fold_0,0,5,5,1.0
C2_TACO,fold_1,1,1,1,1.0000001192092896
C2_TACO,fold_1,1,1,2,0.8293612003326416
C2_TACO,fold_1,1,1,3,0.7764410972595215
C2_TACO,fold_1,1,1,4,0.8574093580245972
C2_TACO,fold_1,1,1,5,0.9017833471298218
C2_TACO,fold_1,1,2,1,0.8293612003326416
C2_TACO,fold_1,1,2,2,1.0
C2_TACO,fold_1,1,2,3,0.9061548113822937
C2_TACO,fold_1,1,2,4,0.9297218322753906
C2_TACO,fold_1,1,2,5,0.9029824733734131
C2_TACO,fold_1,1,3,1,0.7764410972595215
C2_TACO,fold_1,1,3,2,0.9061548113822937
C2_TACO,fold_1,1,3,3,0.9999998807907104
C2_TACO,fold_1,1,3,4,0.9605132937431335
C2_TACO,fold_1,1,3,5,0.8198193311691284
C2_TACO,fold_1,1,4,1,0.8574093580245972
C2_TACO,fold_1,1,4,2,0.9297218322753906
C2_TACO,fold_1,1,4,3,0.9605132937431335
C2_TACO,fold_1,1,4,4,1.0
C2_TACO,fold_1,1,4,5,0.9269212484359741
C2_TACO,fold_1,1,5,1,0.9017833471298218
C2_TACO,fold_1,1,5,2,0.9029824733734131
C2_TACO,fold_1,1,5,3,0.8198193311691284
C2_TACO,fold_1,1,5,4,0.9269212484359741
C2_TACO,fold_1,1,5,5,1.0
C2_TACO,fold_2,2,1,1,1.0
C2_TACO,fold_2,2,1,2,0.8525612354278564
C2_TACO,fold_2,2,1,3,0.8239818215370178
C2_TACO,fold_2,2,1,4,0.8393130302429199
C2_TACO,fold_2,2,1,5,0.8362634181976318
C2_TACO,fold_2,2,2,1,0.8525612354278564
C2_TACO,fold_2,2,2,2,0.9999999403953552
C2_TACO,fold_2,2,2,3,0.9736997485160828
C2_TACO,fold_2,2,2,4,0.9365363121032715
C2_TACO,fold_2,2,2,5,0.8084334135055542
C2_TACO,fold_2,2,3,1,0.8239818215370178
C2_TACO,fold_2,2,3,2,0.9736997485160828
C2_TACO,fold_2,2,3,3,1.0000001192092896
C2_TACO,fold_2,2,3,4,0.9342935085296631
C2_TACO,fold_2,2,3,5,0.7687402963638306
C2_TACO,fold_2,2,4,1,0.8393130302429199
C2_TACO,fold_2,2,4,2,0.9365363121032715
C2_TACO,fold_2,2,4,3,0.9342935085296631
C2_TACO,fold_2,2,4,4,1.0
C2_TACO,fold_2,2,4,5,0.9263142347335815
C2_TACO,fold_2,2,5,1,0.8362634181976318
C2_TACO,fold_2,2,5,2,0.8084334135055542
C2_TACO,fold_2,2,5,3,0.7687402963638306
C2_TACO,fold_2,2,5,4,0.9263142347335815
C2_TACO,fold_2,2,5,5,1.0000001192092896
C2_TACO,fold_3,3,1,1,1.0
C2_TACO,fold_3,3,1,2,0.8850039839744568
C2_TACO,fold_3,3,1,3,0.9206335544586182
C2_TACO,fold_3,3,1,4,0.8256585597991943
C2_TACO,fold_3,3,1,5,0.6237834692001343
C2_TACO,fold_3,3,2,1,0.8850039839744568
C2_TACO,fold_3,3,2,2,1.0000001192092896
C2_TACO,fold_3,3,2,3,0.970542311668396
C2_TACO,fold_3,3,2,4,0.9576223492622375
C2_TACO,fold_3,3,2,5,0.872575581073761
C2_TACO,fold_3,3,3,1,0.9206335544586182
C2_TACO,fold_3,3,3,2,0.970542311668396
C2_TACO,fold_3,3,3,3,1.0000001192092896
C2_TACO,fold_3,3,3,4,0.9649770259857178
C2_TACO,fold_3,3,3,5,0.8341682553291321
C2_TACO,fold_3,3,4,1,0.8256585597991943
C2_TACO,fold_3,3,4,2,0.9576223492622375
C2_TACO,fold_3,3,4,3,0.9649770259857178
C2_TACO,fold_3,3,4,4,0.9999998807907104
C2_TACO,fold_3,3,4,5,0.9326217174530029
C2_TACO,fold_3,3,5,1,0.6237834692001343
C2_TACO,fold_3,3,5,2,0.872575581073761
C2_TACO,fold_3,3,5,3,0.8341682553291321
C2_TACO,fold_3,3,5,4,0.9326217174530029
C2_TACO,fold_3,3,5,5,1.0000001192092896
C2_TACO,fold_4,4,1,1,1.0000001192092896
C2_TACO,fold_4,4,1,2,0.5054646730422974
C2_TACO,fold_4,4,1,3,0.5768980383872986
C2_TACO,fold_4,4,1,4,0.5962756872177124
C2_TACO,fold_4,4,1,5,0.5681310892105103
C2_TACO,fold_4,4,2,1,0.5054646730422974
C2_TACO,fold_4,4,2,2,1.0000001192092896
C2_TACO,fold_4,4,2,3,0.9532160758972168
C2_TACO,fold_4,4,2,4,0.8167608976364136
C2_TACO,fold_4,4,2,5,0.594433069229126
C2_TACO,fold_4,4,3,1,0.5768980383872986
C2_TACO,fold_4,4,3,2,0.9532160758972168
C2_TACO,fold_4,4,3,3,0.9999999403953552
C2_TACO,fold_4,4,3,4,0.9228309392929077
C2_TACO,fold_4,4,3,5,0.7506613731384277
C2_TACO,fold_4,4,4,1,0.5962756872177124
C2_TACO,fold_4,4,4,2,0.8167608976364136
C2_TACO,fold_4,4,4,3,0.9228309392929077
C2_TACO,fold_4,4,4,4,1.0
C2_TACO,fold_4,4,4,5,0.9322894215583801
C2_TACO,fold_4,4,5,1,0.5681310892105103
C2_TACO,fold_4,4,5,2,0.594433069229126
C2_TACO,fold_4,4,5,3,0.7506613731384277
C2_TACO,fold_4,4,5,4,0.9322894215583801
C2_TACO,fold_4,4,5,5,1.0
C2_TACO,aggregate,all,1,1,1.0000000476837159
C2_TACO,aggregate,all,1,2,0.6762160062789917
C2_TACO,aggregate,all,1,3,0.702136242389679
C2_TACO,aggregate,all,1,4,0.6878469586372375
C2_TACO,aggregate,all,1,5,0.6215081483125686
C2_TACO,aggregate,all,2,1,0.6762160062789917
C2_TACO,aggregate,all,2,2,1.000000035762787
C2_TACO,aggregate,all,2,3,0.9465169429779052
C2_TACO,aggregate,all,2,4,0.9040220379829407
C2_TACO,aggregate,all,2,5,0.78187335729599
C2_TACO,aggregate,all,3,1,0.702136242389679
C2_TACO,aggregate,all,3,2,0.9465169429779052
C2_TACO,aggregate,all,3,3,1.000000011920929
C2_TACO,aggregate,all,3,4,0.9462366461753845
C2_TACO,aggregate,all,3,5,0.7846660494804383
C2_TACO,aggregate,all,4,1,0.6878469586372375
C2_TACO,aggregate,all,4,2,0.9040220379829407
C2_TACO,aggregate,all,4,3,0.9462366461753845
C2_TACO,aggregate,all,4,4,0.9999999761581421
C2_TACO,aggregate,all,4,5,0.9256152272224426
C2_TACO,aggregate,all,5,1,0.6215081483125686
C2_TACO,aggregate,all,5,2,0.78187335729599
C2_TACO,aggregate,all,5,3,0.7846660494804383
C2_TACO,aggregate,all,5,4,0.9256152272224426
C2_TACO,aggregate,all,5,5,1.0000000476837159
C3_shuffled_margin_control,fold_0,0,1,1,1.0
C3_shuffled_margin_control,fold_0,0,1,2,0.11059927940368652
C3_shuffled_margin_control,fold_0,0,1,3,0.18952058255672455
C3_shuffled_margin_control,fold_0,0,1,4,0.13735345005989075
C3_shuffled_margin_control,fold_0,0,1,5,0.06586878001689911
C3_shuffled_margin_control,fold_0,0,2,1,0.11059927940368652
C3_shuffled_margin_control,fold_0,0,2,2,1.0000001192092896
C3_shuffled_margin_control,fold_0,0,2,3,0.918560802936554
C3_shuffled_margin_control,fold_0,0,2,4,0.8616513013839722
C3_shuffled_margin_control,fold_0,0,2,5,0.7166343927383423
C3_shuffled_margin_control,fold_0,0,3,1,0.18952058255672455
C3_shuffled_margin_control,fold_0,0,3,2,0.918560802936554
C3_shuffled_margin_control,fold_0,0,3,3,1.0000001192092896
C3_shuffled_margin_control,fold_0,0,3,4,0.9505705237388611
C3_shuffled_margin_control,fold_0,0,3,5,0.7548143863677979
C3_shuffled_margin_control,fold_0,0,4,1,0.13735345005989075
C3_shuffled_margin_control,fold_0,0,4,2,0.8616513013839722
C3_shuffled_margin_control,fold_0,0,4,3,0.9505705237388611
C3_shuffled_margin_control,fold_0,0,4,4,0.9999998807907104
C3_shuffled_margin_control,fold_0,0,4,5,0.9085545539855957
C3_shuffled_margin_control,fold_0,0,5,1,0.06586878001689911
C3_shuffled_margin_control,fold_0,0,5,2,0.7166343927383423
C3_shuffled_margin_control,fold_0,0,5,3,0.7548143863677979
C3_shuffled_margin_control,fold_0,0,5,4,0.9085545539855957
C3_shuffled_margin_control,fold_0,0,5,5,1.0
C3_shuffled_margin_control,fold_1,1,1,1,1.0
C3_shuffled_margin_control,fold_1,1,1,2,0.8442224264144897
C3_shuffled_margin_control,fold_1,1,1,3,0.7383177876472473
C3_shuffled_margin_control,fold_1,1,1,4,0.8495048880577087
C3_shuffled_margin_control,fold_1,1,1,5,0.9217946529388428
C3_shuffled_margin_control,fold_1,1,2,1,0.8442224264144897
C3_shuffled_margin_control,fold_1,1,2,2,1.0
C3_shuffled_margin_control,fold_1,1,2,3,0.9209570288658142
C3_shuffled_margin_control,fold_1,1,2,4,0.9554580450057983
C3_shuffled_margin_control,fold_1,1,2,5,0.9081345200538635
C3_shuffled_margin_control,fold_1,1,3,1,0.7383177876472473
C3_shuffled_margin_control,fold_1,1,3,2,0.9209570288658142
C3_shuffled_margin_control,fold_1,1,3,3,1.0000001192092896
C3_shuffled_margin_control,fold_1,1,3,4,0.9549025297164917
C3_shuffled_margin_control,fold_1,1,3,5,0.7942623496055603
C3_shuffled_margin_control,fold_1,1,4,1,0.8495048880577087
C3_shuffled_margin_control,fold_1,1,4,2,0.9554580450057983
C3_shuffled_margin_control,fold_1,1,4,3,0.9549025297164917
C3_shuffled_margin_control,fold_1,1,4,4,0.9999999403953552
C3_shuffled_margin_control,fold_1,1,4,5,0.9191317558288574
C3_shuffled_margin_control,fold_1,1,5,1,0.9217946529388428
C3_shuffled_margin_control,fold_1,1,5,2,0.9081345200538635
C3_shuffled_margin_control,fold_1,1,5,3,0.7942623496055603
C3_shuffled_margin_control,fold_1,1,5,4,0.9191317558288574
C3_shuffled_margin_control,fold_1,1,5,5,0.9999999403953552
C3_shuffled_margin_control,fold_2,2,1,1,0.9999998211860657
C3_shuffled_margin_control,fold_2,2,1,2,0.8054672479629517
C3_shuffled_margin_control,fold_2,2,1,3,0.8072654008865356
C3_shuffled_margin_control,fold_2,2,1,4,0.8455011248588562
C3_shuffled_margin_control,fold_2,2,1,5,0.8758288621902466
C3_shuffled_margin_control,fold_2,2,2,1,0.8054672479629517
C3_shuffled_margin_control,fold_2,2,2,2,1.0
C3_shuffled_margin_control,fold_2,2,2,3,0.9778164625167847
C3_shuffled_margin_control,fold_2,2,2,4,0.9318726062774658
C3_shuffled_margin_control,fold_2,2,2,5,0.7987027168273926
C3_shuffled_margin_control,fold_2,2,3,1,0.8072654008865356
C3_shuffled_margin_control,fold_2,2,3,2,0.9778164625167847
C3_shuffled_margin_control,fold_2,2,3,3,1.0
C3_shuffled_margin_control,fold_2,2,3,4,0.9630563259124756
C3_shuffled_margin_control,fold_2,2,3,5,0.8271232843399048
C3_shuffled_margin_control,fold_2,2,4,1,0.8455011248588562
C3_shuffled_margin_control,fold_2,2,4,2,0.9318726062774658
C3_shuffled_margin_control,fold_2,2,4,3,0.9630563259124756
C3_shuffled_margin_control,fold_2,2,4,4,1.0
C3_shuffled_margin_control,fold_2,2,4,5,0.9325910210609436
C3_shuffled_margin_control,fold_2,2,5,1,0.8758288621902466
C3_shuffled_margin_control,fold_2,2,5,2,0.7987027168273926
C3_shuffled_margin_control,fold_2,2,5,3,0.8271232843399048
C3_shuffled_margin_control,fold_2,2,5,4,0.9325910210609436
C3_shuffled_margin_control,fold_2,2,5,5,1.0000001192092896
C3_shuffled_margin_control,fold_3,3,1,1,1.0
C3_shuffled_margin_control,fold_3,3,1,2,0.8814810514450073
C3_shuffled_margin_control,fold_3,3,1,3,0.9291967153549194
C3_shuffled_margin_control,fold_3,3,1,4,0.8300930261611938
C3_shuffled_margin_control,fold_3,3,1,5,0.6376082897186279
C3_shuffled_margin_control,fold_3,3,2,1,0.8814810514450073
C3_shuffled_margin_control,fold_3,3,2,2,0.9999999403953552
C3_shuffled_margin_control,fold_3,3,2,3,0.9624194502830505
C3_shuffled_margin_control,fold_3,3,2,4,0.9610656499862671
C3_shuffled_margin_control,fold_3,3,2,5,0.8874455690383911
C3_shuffled_margin_control,fold_3,3,3,1,0.9291967153549194
C3_shuffled_margin_control,fold_3,3,3,2,0.9624194502830505
C3_shuffled_margin_control,fold_3,3,3,3,1.0
C3_shuffled_margin_control,fold_3,3,3,4,0.9592625498771667
C3_shuffled_margin_control,fold_3,3,3,5,0.8164273500442505
C3_shuffled_margin_control,fold_3,3,4,1,0.8300930261611938
C3_shuffled_margin_control,fold_3,3,4,2,0.9610656499862671
C3_shuffled_margin_control,fold_3,3,4,3,0.9592625498771667
C3_shuffled_margin_control,fold_3,3,4,4,1.0000001192092896
C3_shuffled_margin_control,fold_3,3,4,5,0.9316564202308655
C3_shuffled_margin_control,fold_3,3,5,1,0.6376082897186279
C3_shuffled_margin_control,fold_3,3,5,2,0.8874455690383911
C3_shuffled_margin_control,fold_3,3,5,3,0.8164273500442505
C3_shuffled_margin_control,fold_3,3,5,4,0.9316564202308655
C3_shuffled_margin_control,fold_3,3,5,5,0.9999998807907104
C3_shuffled_margin_control,fold_4,4,1,1,0.9999999403953552
C3_shuffled_margin_control,fold_4,4,1,2,0.46629562973976135
C3_shuffled_margin_control,fold_4,4,1,3,0.5543639063835144
C3_shuffled_margin_control,fold_4,4,1,4,0.6460711359977722
C3_shuffled_margin_control,fold_4,4,1,5,0.7211732864379883
C3_shuffled_margin_control,fold_4,4,2,1,0.46629562973976135
C3_shuffled_margin_control,fold_4,4,2,2,1.0
C3_shuffled_margin_control,fold_4,4,2,3,0.9518541097640991
C3_shuffled_margin_control,fold_4,4,2,4,0.8039367198944092
C3_shuffled_margin_control,fold_4,4,2,5,0.5646770000457764
C3_shuffled_margin_control,fold_4,4,3,1,0.5543639063835144
C3_shuffled_margin_control,fold_4,4,3,2,0.9518541097640991
C3_shuffled_margin_control,fold_4,4,3,3,0.9999999403953552
C3_shuffled_margin_control,fold_4,4,3,4,0.9220304489135742
C3_shuffled_margin_control,fold_4,4,3,5,0.7214720249176025
C3_shuffled_margin_control,fold_4,4,4,1,0.6460711359977722
C3_shuffled_margin_control,fold_4,4,4,2,0.8039367198944092
C3_shuffled_margin_control,fold_4,4,4,3,0.9220304489135742
C3_shuffled_margin_control,fold_4,4,4,4,1.0
C3_shuffled_margin_control,fold_4,4,4,5,0.9187801480293274
C3_shuffled_margin_control,fold_4,4,5,1,0.7211732864379883
C3_shuffled_margin_control,fold_4,4,5,2,0.5646770000457764
C3_shuffled_margin_control,fold_4,4,5,3,0.7214720249176025
C3_shuffled_margin_control,fold_4,4,5,4,0.9187801480293274
C3_shuffled_margin_control,fold_4,4,5,5,1.0
C3_shuffled_margin_control,aggregate,all,1,1,0.9999999523162841
C3_shuffled_margin_control,aggregate,all,1,2,0.6216131269931793
C3_shuffled_margin_control,aggregate,all,1,3,0.6437328785657883
C3_shuffled_margin_control,aggregate,all,1,4,0.6617047250270843
C3_shuffled_margin_control,aggregate,all,1,5,0.6444547742605209
C3_shuffled_margin_control,aggregate,all,2,1,0.6216131269931793
C3_shuffled_margin_control,aggregate,all,2,2,1.000000011920929
C3_shuffled_margin_control,aggregate,all,2,3,0.9463215708732605
C3_shuffled_margin_control,aggregate,all,2,4,0.9027968645095825
C3_shuffled_margin_control,aggregate,all,2,5,0.7751188397407531
C3_shuffled_margin_control,aggregate,all,3,1,0.6437328785657883
C3_shuffled_margin_control,aggregate,all,3,2,0.9463215708732605
C3_shuffled_margin_control,aggregate,all,3,3,1.000000035762787
C3_shuffled_margin_control,aggregate,all,3,4,0.9499644756317138
C3_shuffled_margin_control,aggregate,all,3,5,0.7828198790550231
C3_shuffled_margin_control,aggregate,all,4,1,0.6617047250270843
C3_shuffled_margin_control,aggregate,all,4,2,0.9027968645095825
C3_shuffled_margin_control,aggregate,all,4,3,0.9499644756317138
C3_shuffled_margin_control,aggregate,all,4,4,0.9999999880790711
C3_shuffled_margin_control,aggregate,all,4,5,0.9221427798271179
C3_shuffled_margin_control,aggregate,all,5,1,0.6444547742605209
C3_shuffled_margin_control,aggregate,all,5,2,0.7751188397407531
C3_shuffled_margin_control,aggregate,all,5,3,0.7828198790550231
C3_shuffled_margin_control,aggregate,all,5,4,0.9221427798271179
C3_shuffled_margin_control,aggregate,all,5,5,0.9999999880790711
