sample_id,question_key_hash,queue_type,review_status
1214a9796760bb201b38fce79c99471cc31271d2,953a47808644b275056e997b7309633bd42abc12,qualitative_ambiguity_only,pending
370b56c3821f43a7c6699f2dd9c3c037761f32e0,953a47808644b275056e997b7309633bd42abc12,qualitative_ambiguity_only,pending
7dfd63e7375e5474e2df047ebe282cf4ba8661b8,b313ecaaef4e303a0a8323fcb6da493c8aeb676b,qualitative_ambiguity_only,pending
49318c4f0d2ec2244ac543b0db468afaf9a85d1b,b313ecaaef4e303a0a8323fcb6da493c8aeb676b,qualitative_ambiguity_only,pending
bd384e01426757c4dd86e755a75d5ef86fe6e59f,b313ecaaef4e303a0a8323fcb6da493c8aeb676b,qualitative_ambiguity_only,pending
bbf00c682349c24b21ce0c89c071fd906223ebb3,c0a3a0851a8cbaabcd19e587e5049be5efc6989b,qualitative_ambiguity_only,pending
1947f424625d896777f4dbddef16ab9afb7730aa,b313ecaaef4e303a0a8323fcb6da493c8aeb676b,qualitative_ambiguity_only,pending
7b2343c0fac6f79059007d116f746842fe6a6637,b313ecaaef4e303a0a8323fcb6da493c8aeb676b,qualitative_ambiguity_only,pending
ffbcfd835bce6f2c49e6ba425055824d75949505,ec004d436abfece8353b0e104ce506b3f64c0d53,qualitative_ambiguity_only,pending
4c1781a47196920cfbd9a98a60533436add7af41,ec004d436abfece8353b0e104ce506b3f64c0d53,qualitative_ambiguity_only,pending
712cd1dd80a4537e4bee8ff3fa1e3580d4575d0a,601b87b9ca4cbc0671bc3f7b443bc8f3eb27c8a0,qualitative_ambiguity_only,pending
5238e123a16a826d9dd25c0454890d96db10099a,c6a1251090395b0d1ff5e7b04eccf7a396a0b480,qualitative_ambiguity_only,pending
c42d9020842ba63f6ee5de91d4d4b21f97f246ac,ad4cac8a0b240ce8c33df1475f358ebf92d662e5,qualitative_ambiguity_only,pending
27b5e246feb3bc800292dfe680622e404c0cfe87,c0a3a0851a8cbaabcd19e587e5049be5efc6989b,qualitative_ambiguity_only,pending
c0d4f41ccf2066449887e86887cb7b8903269b2a,4eb379509233de9f986a48abdd3d43cecfe97aff,qualitative_ambiguity_only,pending
a5b76b94f849ef3c81364bfd2a49a16777a2d7fa,bb529105cedb7fd54cb1b1075c2ef48560d2c1d3,qualitative_ambiguity_only,pending
f33e86ba6eaa5281c801dea1ed174135a7d4c0da,57bdd34c4fcfeec075b46469da260d4240e75453,qualitative_ambiguity_only,pending
6a65ddfebb3698d3eb20f814a761580fa2f8be48,c6a1251090395b0d1ff5e7b04eccf7a396a0b480,qualitative_ambiguity_only,pending
a544c64fc63709614f3c2c8060452e4d2fe694a0,f239346d446fafeae7474960ca2ff5f639eb396f,qualitative_ambiguity_only,pending
75c3ff7c2c07e66d7af2fd88d328ddfc8a81c2d6,e57d1c01a071d1dd5ad2a30d54ee0fd5b98df987,qualitative_ambiguity_only,pending
